id,name
1,อาชีพช่างพิมพ์ดิจิทัล
2,อาชีพช่างพิมพ์สกรีน
3,อาชีพช่างพิมพ์ออฟเซตป้อนม้วน
4,อาชีพช่างพิมพ์ออฟเซตป้อนแผ่น
5,อาชีพผู้ให้บริการขนส่งสินค้าระหว่างประเทศ
6,อาชีพผู้ควบคุมคลังสินค้า
7,อาชีพผู้ควบคุมสินค้าคงคลัง
8,อาชีพผู้ควบคุมการกระจายสินค้า
9,อาชีพผู้บริหารงานคลังสินค้า
10,อาชีพผู้บริหารงานสินค้าคงคลัง
11,อาชีพผู้บริหารงานควบคุมการกระจายสินค้า
12,อาชีพเจ้าหน้าที่ธุรการส่งออกและนำเข้า
13,อาชีพเจ้าหน้าที่อาวุโสส่งออกและนำเข้า
14,อาชีพผู้ผ่านพิธีการศุลกากรรับอนุญาต
15,อาชีพผู้ชำนาญการศุลกากร
16,อาชีพนักจัดซื้อ จัดหา จัดจ้าง
17,อาชีพผู้ขับขี่รถยนต์โดยสารสาธารณะ (แท็กซี่)
18,อาชีพช่างขัดเงาแม่พิมพ์
19,อาชีพช่างซ่อมบำรุงรักษาแม่พิมพ์ฉีดพลาสติก
20,อาชีพช่างปรับประกอบแม่พิมพ์ฉีดพลาสติก
21,อาชีพช่างผลิตชิ้นส่วน อุปกรณ์แม่พิมพ์ฉีดพลาสติก
22,อาชีพช่างออกแบบแม่พิมพ์ฉีดพลาสติก
23,อาชีพช่างซ่อมบำรุงรักษาแม่พิมพ์ปั๊มโลหะ
24,อาชีพช่างตกแต่งผิวแม่พิมพ์
25,อาชีพช่างปรับประกอบแม่พิมพ์ปั๊มโลหะ
26,อาชีพช่างผลิตชิ้นส่วนอุปกรณ์แม่พิมพ์ปั๊มโลหะ
27,อาชีพช่างออกแบบแม่พิมพ์ปั๊มโลหะ
28,อาชีพช่างภาพบุคคล
29,อาชีพช่างภาพสื่อมวลชน
30,อาชีพช่างภาพแต่งงาน
31,อาชีพช่างภาพแฟชั่น
32,อาชีพช่างภาพทั่วไป
33,อาชีพช่างควบคุมคุณภาพงานอัดภาพระบบดิจิตอล
34,อาชีพช่างปรับแต่งภาพ
35,อาชีพช่างผลิตภาพระบบดิจิตอล
36,อาชีพนักออกแบบกราฟิก
37,อาชีพผู้ปฏิบัติการขนส่งสินค้าทางถนน
38,อาชีพผู้ปฏิบัติการขนส่งสินค้าทางท่อ
39,อาชีพผู้ปฏิบัติการขนส่งสินค้าทางน้ำ
40,อาชีพผู้ปฏิบัติการขนส่งสินค้าทางราง
41,อาชีพผู้ปฏิบัติการขนส่งสินค้าทางอากาศ
42,อาชีพผู้บริหารงานขนส่งสินค้าทางถนน
43,อาชีพผู้บริหารงานขนส่งสินค้าทางท่อ
44,อาชีพผู้บริหารงานขนส่งสินค้าทางน้ำ
45,อาชีพผู้บริหารงานขนส่งสินค้าทางราง
46,อาชีพผู้บริหารงานขนส่งสินค้าทางอากาศ
47,อาชีพช่างแมคคาทรอนิกส์
48,อาชีพสปารีเซฟชั่นนิส
49,อาชีพสปาแอดเทนเดน
50,อาชีพนักบริหารจัดการสปา
51,อาชีพสปาเทรนเนอร์
52,อาชีพการจัดการสินค้าเสื้อผ้า
53,อาชีพช่างแพทเทิร์น
54,อาชีพจัดจำหน่ายผลิตภัณฑ์เสื้อผ้า
55,อาชีพช่างตัดเสื้อผ้า
56,อาชีพช่างตกแต่งและเก็บรายละเอียด
57,อาชีพช่างเย็บเสื้อผ้า
58,อาชีพช่างรีดเสื้อผ้า
59,อาชีพนายสถานี
60,อาชีพผู้ควบคุมการเดินรถไฟฟ้าในศูนย์ควบคุมการเดินรถ
61,อาชีพผู้วางแผนงานซ่อมบำรุงระบบอาณัติสัญญาณ
62,อาชีพช่างเทคนิคซ่อมบำรุงระบบจัดเก็บค่าโดยสารอัตโนมัติ
63,อาชีพช่างเทคนิคซ่อมบำรุงระบบช่วงล่างรถไฟฟ้าด้านระบบเครื่องกล
64,อาชีพช่างเทคนิคซ่อมบำรุงระบบรถไฟฟ้าด้านระบบไฟฟ้า
65,อาชีพช่างเทคนิคซ่อมบำรุงระบบอาณัติสัญญาณ
66,อาชีพช่างเทคนิคซ่อมบำรุงระบบอาณัติสัญญาณไฟสีและโทรคมนาคม
67,อาชีพผู้วางแผนงานซ่อมบำรุงระบบจัดเก็บค่าโดยสารอัตโนมัติ
68,อาชีพผู้วางแผนงานซ่อมบำรุงระบบช่วงล่างรถไฟฟ้าด้านระบบเครื่องกล
69,อาชีพผู้ดูแลความปลอดภัยและลดความเสี่ยงที่อาจเกิดจากทั้งภายในและภายนอกระบบ
70,อาชีพช่างเทคนิคปฏิบัติการ
71,อาชีพช่างเทคนิคซ่อมบำรุงเครื่องกล
72,อาชีพช่างเทคนิคซ่อมบำรุงไฟฟ้า
73,อาชีพช่างเทคนิคซ่อมบำรุงเครื่องมือวัด
74,อาชีพนักทดสอบระบบ
75,อาชีพผู้ควบคุมคุณภาพ
76,อาชีพนักพัฒนาระบบ
77,อาชีพนักวิเคราะห์ความต้องการทางธุรกิจ
78,อาชีพนักวิเคราะห์ออกแบบระบบ
79,อาชีพช่างสื่อสัญญาณโทรคมนาคมด้านไมโครเวฟ
80,อาชีพช่างโครงข่ายปลายทางด้านเครือข่ายใยแก้วนำแสง
81,อาชีพนักเทคโนโลยีสื่อสัญญาณโทรคมนาคมด้านระบบรับ-ส่งคลื่นวิทยุสำหรับโทรศัพท์เคลื่อนที่
82,อาชีพช่างสื่อสัญญาณโทรคมนาคมด้านระบบรับ - ส่งคลื่นวิทยุสำหรับโทรศัพท์เคลื่อนที่
83,อาชีพนักเทคโนโลยีสื่อสัญญาณโทรคมนาคมด้านไมโครเวฟ
84,อาชีพผู้จัดหาและคัดเลือกวัสดุและอุปกรณ์สำหรับการผลิตผลิตภัณฑ์ไอซีที
85,อาชีพผู้ให้บริการด้านคอมพิวเตอร์และระบบคอมพิวเตอร์
86,อาชีพนักออกแบบและพัฒนาผลิตภัณฑ์ไอซีที
87,อาชีพผู้ผลิตและตรวจสอบคุณภาพผลิตภัณฑ์ไอซีที
88,อาชีพช่างสนับสนุนด้านเทคนิค
89,อาชีพนักบริหารจัดการความมั่นคงปลอดภัยระบบเครือข่ายและคอมพิวเตอร์
90,อาชีพนักบริหารจัดการระบบเครือข่ายคอมพิวเตอร์
91,อาชีพนักทัศนศิลป์
92,อาชีพนักผลิตโครงสร้างตัวละครแอนิเมชัน
93,อาชีพนักออกแบบโครงเรื่องแอนิเมชัน
94,อาชีพนักเขียนสตอรี่บอร์ด
95,อาชีพช่างตัดต่อแอนิเมชัน
96,อาชีพช่างออกแบบเสียงแอนิเมชัน
97,อาชีพนักบริหารโครงการ
98,อาชีพนักสร้างภาพแอนิเมชัน
99,อาชีพนักบริหารโครงการสารสนเทศ
100,อาชีพช่างซ่อมบำรุงรักษาทั่วไป
101,อาชีพผู้ให้บริการยางรถยนต์
102,อาชีพช่างซ่อมตัวถังรถยนต์
103,อาชีพช่างซ่อมสีรถยนต์
104,อาชีพช่างซ่อมเครื่องยนต์
105,อาชีพช่างซ่อมระบบปรับอากาศรถยนต์
106,อาชีพช่างซ่อมระบบไฟฟ้ารถยนต์
107,อาชีพช่างซ่อมระบบส่งกำลัง
108,อาชีพช่างซ่อมระบบเครื่องล่าง
109,อาชีพช่างติดตั้งส่วนควบและอุปกรณ์ของรถยนต์ที่ใช้ก๊าซธรรมชาติอัดเป็นเชื้อเพลิง
110,อาชีพช่างติดตั้งส่วนควบและอุปกรณ์ของรถยนต์ที่ใช้ก๊าซปิโตรเลียมเหลวเป็นเชื้อเพลิง
111,อาชีพผู้ประกอบอาหารหวาน
112,อาชีพผู้ประกอบอาหารไทย
113,อาชีพช่างทำผมบุรุษ
114,อาชีพช่างทำผมสตรี
115,อาชีพสปาเทอราปิ้ส
116,อาชีพช่างจัดดอกไม้แบบสากล
117,อาชีพช่างจัดดอกไม้แบบไทย
118,อาชีพช่างทำแม่พิมพ์ออฟเซต
119,อาชีพช่างทำแม่พิมพ์สกรีน
120,อาชีพช่างทำสิ่งพิมพ์สำเร็จงานออฟเซต – งานพับ
121,อาชีพช่างทำสิ่งพิมพ์สำเร็จงานออฟเซต – งานไสสันทากาว
122,อาชีพช่างทำสิ่งพิมพ์สำเร็จงานออฟเซต – งานทำเล่มปกอ่อน
123,อาชีพช่างออกแบบสิ่งพิมพ์
124,อาชีพช่างทำสิ่งพิมพ์สำเร็จงานออฟเซต – งานบริหารจัดการผลิตงานหลังพิมพ์
125,อาชีพผู้ผลิตผ้าทอเทคนิคขิด
126,อาชีพผู้ผลิตผ้าทอเทคนิคจก
127,อาชีพผู้ผลิตผ้าทอเทคนิคผสมผสาน
128,อาชีพผู้ผลิตผ้าทอเทคนิคพื้นฐาน
129,อาชีพผู้ผลิตผ้าทอเทคนิคมัดหมี่
130,อาชีพผู้ผลิตผ้าทอเทคนิคยก
131,อาชีพผู้ผลิตผ้าทอเทคนิคยกดอก
132,อาชีพผู้ผลิตผ้าทอเทคนิคยกมุก
133,อาชีพผู้ผลิตผ้าทอเทคนิคเกาะและล้วง
134,อาชีพผู้ผลิตเครื่องปั้นดินเผาแบบดั้งเดิม
135,อาชีพผู้ผลิตเครื่องปั้นดินเผาแบบร่วมสมัย
136,อาชีพผู้ผลิตเครื่องจักสานสำหรับการอนุรักษ์
137,อาชีพผู้ผลิตเครื่องจักสานร่วมสมัย
138,อาชีพผู้ผลิตเครื่องถมประเภทเครื่องประดับ
139,อาชีพผู้ผลิตเครื่องถมประเภทเครื่องใช้
140,อาชีพมัคคุเทศก์
141,อาชีพผู้ดูแลผู้สูงอายุ
142,อาชีพผู้ประกอบอาหารในร้านอาหาร
143,อาชีพช่างภาพภูมิทัศน์
144,อาชีพช่างภาพสถาปัตยกรรม
145,อาชีพควบคุมคุณภาพและบรรจุงาน
146,อาชีพผู้ขับขี่รถทัวร์โดยสาร
147,อาชีพนักเขียน
148,อาชีพนักแปล
149,อาชีพนักออกแบบภาพประกอบหนังสือและสิ่งพิมพ์
150,อาชีพบรรณาธิการ
151,อาชีพนักออกแบบกราฟิกหนังสือและสิ่งพิมพ์
152,อาชีพนักพิสูจน์อักษร
153,อาชีพแม่บ้าน
154,อาชีพผู้ควบคุมการขึ้นรูปยาง
155,อาชีพผู้ควบคุมการฉาบยาง
156,อาชีพผู้ควบคุมการผสมยาง
157,อาชีพผู้ควบคุมการอบยาง
158,อาชีพผู้ตรวจสอบคุณภาพผลิตภัณฑ์ยาง
159,อาชีพช่างซ่อมบำรุงเครื่องจักรผลิตยาง
160,อาชีพผู้วางแผนและควบคุมการผลิตยาง
161,อาชีพผู้ควบคุมพัฒนากระบวนการผลิตและผลิตภัณฑ์ยาง
162,อาชีพผู้ดูแลเด็ก
163,อาชีพผู้ให้บริการล้างรถและขัดสี
164,อาชีพนักปฏิบัติการสาธารณูปโภคและบริการสาธารณะ
165,อาชีพนักบริหารพื้นที่เช่าเชิงพาณิชย์ในโครงการที่อยู่อาศัย
166,อาชีพผู้จัดการอาคารที่อยู่อาศัย
167,อาชีพผู้จัดการนิติบุคคลที่อยู่อาศัย
168,อาชีพช่างซ่อมบำรุงประจำโครงการที่อยู่อาศัย
169,อาชีพผู้ปฏิบัติงานด้านกฎหมายในโครงการที่อยู่อาศัย
170,อาชีพนักบิน
171,อาชีพพนักงานต้อนรับบนเครื่องบิน
172,อาชีพพนักงานต้อนรับผู้โดยสารภาคพื้น
173,อาชีพพนักงานสำรองบัตรโดยสาร
174,อาชีพผู้วางแผนตารางงานผู้ประจำหน้าที่
175,อาชีพพนักงานขับรถบันได
176,อาชีพพนักงานขับรถและควบคุมรถยก
177,อาชีพพนักงานขับรถลากจูงเครื่องบิน
178,อาชีพพนักงานขับรถรับส่งผู้โดยสาร
179,อาชีพพนักงานขับรถรับส่งสัมภาระผู้โดยสาร
180,อาชีพพนักงานขับรถทรานสปอร์ทเตอร์
181,อาชีพพนักงานขับรถลากจูงคอนเทนเนอร์/แผ่นระวางสินค้า
182,อาชีพพนักงานขับรถบรรทุกน้ำและสิ่งปฏิกูล
183,อาชีพพนักงานยกของและสัมภาระ
184,อาชีพพนักงานทำความสะอาดเครื่องบิน
185,อาชีพนักเทคนิคประจำเครื่องฝึกบินจำลอง
186,อาชีพผู้ฝึกด้านการจัดการทรัพยากรการบิน
187,อาชีพผู้ฝึกด้านความปลอดภัยและนิรภัยการบิน
188,อาชีพผู้ฝึกอบรมเกี่ยวกับอากาศยานเฉพาะแบบ
189,อาชีพผู้ฝึกด้านระบบการจัดการความปลอดภัย
190,อาชีพผู้สอบเทียบเครื่องมือวัดด้านมิติ
191,อาชีพผู้สอบเทียบเครื่องมือวัดด้านไฟฟ้า
192,อาชีพผู้สอบเทียบเครื่องมือวัดด้านมวล
193,อาชีพผู้สอบเทียบเครื่องมือวัดด้านอุณหภูมิ
194,อาชีพผู้ควบคุมการก่อสร้าง (อาคารพักอาศัย)
195,อาชีพนักบริหารงานบุคคล (สรรหาและคัดเลือกบุคลากร)
196,อาชีพนักบริหารงานบุคคล (บริหารค่าตอบแทน)
197,อาชีพนักบริหารงานบุคคล (พนักงานสัมพันธ์)
198,อาชีพนักบริหารงานบุคคล (เรียนรู้และพัฒนาทรัพยากรบุคคล)
199,อาชีพนักบริหารงานบุคคล (วางแผนอัตรากำลัง)
200,อาชีพนักบริหารงานบุคคล (บริหารผลงาน)
201,อาชีพนักบริหารงานบุคคล (บริหารความก้าวหน้าในสายอาชีพ)
202,อาชีพนักบริหารงานบุคคล (พัฒนาองค์การ)
203,อาชีพนักบริหารงานบุคคล
204,อาชีพพนักงานบริการส่วนหน้าของโรงแรม
205,อาชีพพนักงานบริการอาหารและเครื่องดื่ม
206,อาชีพแม่บ้านในโรงแรม
207,อาชีพพ่อครัว อาหารตะวันตก
208,อาชีพพ่อครัวขนมปังอบ
209,อาชีพที่ปรึกษาการเดินทางท่องเที่ยว (TravelConsultants) สำหรับกลุ่มสาขาบริหารธุรกิจนำเที่ยว (TourOperation)
210,อาชีพสำรองบัตรโดยสาร (Reservation and Ticketing) สำหรับกลุ่มสาขาตัวแทนธุรกิจนำเที่ยว (Travel Agencies)
211,อาชีพบริหารร้านค้า
212,อาชีพป้องกันความสูญเสีย
213,อาชีพพนักงานขาย
214,อาชีพผู้ควบคุมความปลอดภัยอาหาร
215,อาชีพนักวิทยาศาสตร์อาหาร (ด้านความปลอดภัยอาหาร)
216,อาชีพผู้เพาะฟักกุ้งทะเล
217,อาชีพผู้อนุบาลลูกกุ้งทะเล
218,อาชีพผู้เลี้ยงกุ้งทะเล
219,อาชีพผู้สอนภาษาอังกฤษ
220,อาชีพผู้ชำนาญการเชื่อมอลูมิเนียม
221,อาชีพผู้เชี่ยวชาญการเชื่อมอลูมิเนียม
222,อาชีพช่างเชื่อมทิก
223,อาชีพผู้ชำนาญการเชื่อมเหล็กกล้า
224,อาชีพผู้เชี่ยวชาญการเชื่อมเหล็กกล้า
225,อาชีพช่างเชื่อมแม็ก
226,อาชีพช่างเชื่อมฟลั๊กซ์คอร์
227,อาชีพผู้เชี่ยวชาญการเชื่อมเหล็กกล้าไร้สนิม
228,อาชีพผู้ชำนาญการเชื่อมเหล็กกล้าไร้สนิม
229,อาชีพนักวิเคราะห์โครงการอสังหาริมทรัพย์
230,อาชีพผู้บริหารจัดการโครงการอสังหาริมทรัพย์
231,อาชีพผู้ควบคุมงานก่อสร้างโครงการอสังหาริมทรัพย์
232,อาชีพผู้สำรวจปริมาณและราคางานก่อสร้างโครงการอสังหาริมทรัพย์
233,อาชีพนักจัดการความปลอดภัยงานก่อสร้างโครงการอสังหาริมทรัพย์
234,อาชีพนักจัดการสิ่งแวดล้อมงานก่อสร้างโครงการอสังหาริมทรัพย์
235,อาชีพนักขายโครงการอสังหาริมทรัพย์
236,อาชีพนักการตลาดโครงการอสังหาริมทรัพย์
237,อาชีพนักจัดการลูกค้าสัมพันธ์โครงการอสังหาริมทรัพย์
238,อาชีพนายหน้าอสังหาริมทรัพย์
239,อาชีพผู้บริหารงานรักษาความปลอดภัยอาคารสถานที่และทรัพย์สิน
240,อาชีพครูฝึกงานรักษาความปลอดภัยอาคารสถานที่และทรัพย์สิน
241,อาชีพพนักงานรักษาความปลอดภัยอาคารสถานที่และทรัพย์สิน
242,อาชีพผู้บริหารงานรักษาความปลอดภัยบุคคลสำคัญ
243,อาชีพครูฝึกงานรักษาความปลอดภัยบุคคลสำคัญ
244,อาชีพพนักงานรักษาความปลอดภัยบุคคลสำคัญ
245,อาชีพผู้บริหารงานรักษาความปลอดภัยขนส่งทรัพย์สินมีค่า
246,อาชีพครูฝึกงานรักษาความปลอดภัยขนส่งทรัพย์สินมีค่า
247,อาชีพพนักงานรักษาความปลอดภัยขนส่งทรัพย์สินมีค่า
248,อาชีพนักผลิตผลิตภัณฑ์แปรรูปนม
249,อาชีพนักประกันคุณภาพผลิตภัณฑ์แปรรูปนม
250,อาชีพนักวิจัยและพัฒนาผลิตภัณฑ์แปรรูปนม
251,อาชีพนักซ่อมบำรุงผลิตภัณฑ์แปรรูปนม
252,อาชีพนักบริหารอุตสาหกรรมผลิตภัณฑ์แปรรูปนม
253,อาชีพครูฝึกในสถานประกอบการ
254,อาชีพนักจัดซื้อวัตถุดิบ อุปกรณ์ สำหรับผลิตกระเบื้องเซรามิก
255,อาชีพนักพัฒนาผลิตภัณฑ์กระเบื้องเซรามิกต้นแบบ
256,อาชีพผู้บริหารการผลิตในอุตสาหกรรมกระเบื้องเซรามิก
257,อาชีพผู้ปฏิบัติงานขึ้นรูปชิ้นงานกระเบื้องเซรามิก
258,อาชีพผู้ตรวจสอบคุณภาพผลิตภัณฑ์กระเบื้องเซรามิก
259,อาชีพผู้ปฏิบัติงานจัดการบรรจุหีบห่อผลิตภัณฑ์กระเบื้องเซรามิก
260,อาชีพผู้ปฏิบัติงานจัดเตรียมวัตถุดิบเพื่อผลิตกระเบื้องเซรามิก
261,อาชีพผู้ปฏิบัติงานเคลือบและตกแต่งชิ้นงานกระเบื้องเซรามิก
262,อาชีพผู้ปฏิบัติงานเผาชิ้นงานกระเบื้องเซรามิก
263,อาชีพนักออกแบบผลิตภัณฑ์
264,อาชีพผู้บริหารการผลิตในอุตสาหกรรมสุขภัณฑ์เซรามิก
265,อาชีพผู้ปฏิบัติงานตกแต่งและเคลือบสุขภัณฑ์เซรามิก
266,อาชีพผู้ปฏิบัติงานตรวจสอบคุณภาพผลิตภัณฑ์
267,อาชีพผู้ปฏิบัติงานบรรจุสุขภัณฑ์เซรามิก
268,อาชีพผู้ปฏิบัติงานเตรียมวัตถุดิบผลิตสุขภัณฑ์เซรามิก
269,อาชีพนักจัดซื้อวัตถุดิบสำหรับสุขภัณฑ์สุขภัณฑ์เซรามิก
270,อาชีพผู้ปฏิบัติงานผลิตสุขภัณฑ์เซรามิก
271,อาชีพผู้ปฏิบัติงานเตาเผาสุขภัณฑ์เซรามิก
272,อาชีพผู้ปฏิบัติงานขึ้นรูปชิ้นงานเครื่องใช้บนโต๊ะอาหารด้วยเครื่องจักร
273,อาชีพนักออกแบบและพัฒนาผลิตภัณฑ์สำหรับเครื่องใช้บนโต๊ะอาหาร
274,อาชีพผู้ควบคุมการเผาชิ้นงานเครื่องใช้บนโต๊ะอาหาร
275,อาชีพผู้ปฏิบัติงานตกแต่งและเคลือบชิ้นงานเครื่องใช้บนโต๊ะอาหาร
276,อาชีพผู้ปฏิบัติงานตรวจสอบคุณภาพผลิตภัณฑ์เครื่องใช้บนโต๊ะอาหาร
277,อาชีพผู้ปฏิบัติงานบรรจุหีบห่อผลิตภัณฑ์เครื่องใช้บนโต๊ะอาหาร
278,อาชีพผู้ปฏิบัติงานหล่อขึ้นรูปและอบแห้งชิ้นงานเครื่องใช้บนโต๊ะอาหาร
279,อาชีพผู้ปฏิบัติงานเตรียมวัตถุดิบสำหรับผลิตชิ้นงานเครื่องใช้บนโต๊ะอาหาร
280,อาชีพนักจัดซื้อวัตถุดิบสำหรับผลิตชิ้นงานเครื่องใช้บนโต๊ะอาหาร
281,อาชีพผู้บริหารการผลิตในอุตสาหกรรมผลิตเครื่องใช้บนโต๊ะอาหารเซรามิก
282,อาชีพนักจัดซื้อวัตถุดิบสำหรับผลิตลูกถ้วยไฟฟ้า
283,อาชีพนักวิจัยและพัฒนาผลิตภัณฑ์ลูกถ้วยไฟฟ้า
284,อาชีพผู้บริหารการผลิตในอุตสาหกรรมผลิตลูกถ้วยไฟฟ้าเซรามิก
285,อาชีพผู้ปฏิบัติงานตกแต่งและเคลือบชิ้นงานสำหรับผลิตลูกถ้วยไฟฟ้า
286,อาชีพผู้ปฏิบัติงานตรวจสอบผลิตภัณฑ์สำหรับผลิตลูกถ้วยไฟฟ้า
287,อาชีพผู้ปฏิบัติงานบรรจุภัณฑ์สำหรับผลิตลูกถ้วยไฟฟ้า
288,อาชีพผู้ปฏิบัติงานประกอบสำหรับผลิตลูกถ้วยไฟฟ้า
289,อาชีพผู้ปฏิบัติงานเตรียมวัตถุดิบสำหรับผลิตลูกถ้วยไฟฟ้า
290,อาชีพผู้ปฏิบัติงานเตาเผาสำหรับผลิตลูกถ้วยไฟฟ้า
291,อาชีพผู้ปฏิบัติงานขึ้นรูปสำหรับผลิตลูกถ้วยไฟฟ้า
292,อาชีพผู้ปฏิบัติงานด้านบัญชี
293,อาชีพผู้ประกอบอาหารคาว
294,อาชีพผู้ดูแลรักษาข้าว
295,อาชีพผู้เตรียมดินเพาะปลูกข้าว
296,อาชีพผู้ปลูกข้าว
297,อาชีพผู้เก็บเกี่ยวข้าว
298,อาชีพเกษตรกรเพาะปลูกข้าว
299,อาชีพผู้เตรียมดินเพาะปลูกอ้อย
300,อาชีพผู้ปลูกอ้อย
301,อาชีพผู้ดูแลรักษาอ้อย
302,อาชีพผู้เก็บเกี่ยวอ้อย
303,อาชีพเกษตรกรเพาะปลูกอ้อย
304,อาชีพผู้บริหารสถานศึกษา สาขางานวิชาการ
305,อาชีพผู้บริหารสถานศึกษา สาขางานงบประมาณ
306,อาชีพผู้บริหารสถานศึกษา สาขางานบุคคล
307,อาชีพผู้บริหารสถานศึกษา สาขางานทั่วไป
308,อาชีพผู้บริหารสถานศึกษา
309,อาชีพผู้ปฏิบัติงานด้านวิทยาศาสตร์การกีฬาและการออกกำลังกาย
310,อาชีพนักวิทยาศาสตร์การกีฬาและการออกกำลังกาย
311,อาชีพนักวิทยาศาสตร์การกีฬาและการออกกำลังกายเฉพาะทาง
312,อาชีพนักวิทยาศาสตร์การกีฬาและการออกกำลังกายเชี่ยวชาญ
313,อาชีพนักออกแบบแฟชั่นเสื้อผ้า
314,อาชีพนักออกแบบแฟชั่นเครื่องหนัง
315,อาชีพนักออกแบบแฟชั่นรูปแบบการแต่งกาย
316,อาชีพนักทดสอบและตรวจสอบโดยไม่ทำลายด้วยการตรวจพินิจ
317,อาชีพนักทดสอบและตรวจสอบโดยไม่ทำลายด้วยวิธีใช้สารแทรกซึม
318,อาชีพนักทดสอบและตรวจสอบโดยไม่ทำลายด้วยวิธีใช้ผงแม่เหล็ก
319,อาชีพนักทดสอบและตรวจสอบโดยไม่ทำลายด้วยวิธีใช้คลื่นความถี่สูง
320,อาชีพนักทดสอบและตรวจสอบโดยไม่ทำลายด้วยวิธีถ่ายภาพรังสี
321,อาชีพนักทดสอบและตรวจสอบโดยไม่ทำลายด้วยวิธีสนามแม่เหล็กไฟฟ้า
322,อาชีพผู้รับผิดชอบด้านพลังงานในอาคาร
323,อาชีพผู้รับผิดชอบด้านพลังงานในโรงงาน
324,อาชีพผู้รับผิดชอบด้านพลังงานไฟฟ้า
325,อาชีพผู้รับผิดชอบด้านพลังงานความร้อน
326,อาชีพผู้จัดการด้านพลังงานไฟฟ้าในอาคาร
327,อาชีพผู้จัดการด้านพลังงานความร้อนในอาคาร
328,อาชีพผู้จัดการด้านพลังงานไฟฟ้าในโรงงาน
329,อาชีพผู้จัดการด้านพลังงานความร้อนในโรงงาน
330,อาชีพผู้ปฏิบัติงานตรวจวัดพลังงานความร้อน
331,อาชีพผู้ปฏิบัติงานตรวจวัดพลังงานไฟฟ้า
332,อาชีพผู้ปฏิบัติงานอนุรักษ์พลังงานระบบทำความเย็นและปรับอากาศ
333,อาชีพผู้ปฏิบัติงานอนุรักษ์พลังงานความร้อน
334,อาชีพผู้ปฏิบัติงานอนุรักษ์พลังงานไฟฟ้า
335,อาชีพผู้ปฏิบัติงานตรวจวัดพลังงานระบบทำความเย็นและปรับอากาศ
336,อาชีพผู้ช่วยผู้ตรวจสอบและรับรองระบบการจัดการพลังงานด้านความร้อน
337,อาชีพผู้ช่วยผู้ตรวจสอบและรับรองระบบการจัดการพลังงานด้านไฟฟ้า
338,อาชีพผู้ตรวจสอบและรับรองระบบการจัดการพลังงาน
339,อาชีพผู้สอนภาษาจีน
340,อาชีพผู้ควบคุมรถไฟฟ้า
341,อาชีพผู้ควบคุมรถไฟความเร็วสูง
342,อาชีพช่างกลเรือ
343,อาชีพต้นกลเรือ
344,อาชีพรองต้นกลเรือ
345,อาชีพนักวิทยุสื่อสาร
346,อาชีพนักเดินเรือประมง
347,อาชีพคนครัว
348,อาชีพลูกเรือประมง
349,อาชีพนักประมงอวนครอบ
350,อาชีพนักประมงอวนลาก
351,อาชีพนักประมงอวนล้อมจับ
352,อาชีพนักประมงอวนลอย
353,อาชีพผู้สอนภาษาเวียดนาม
354,อาชีพพนักงานให้การดูแล
355,อาชีพผู้ช่วยทันตแพทย์
356,อาชีพนักบริหารการประปา
357,อาชีพพนักงานผลิตน้ำประปาชุมชน
358,อาชีพเจ้าหน้าที่ควบคุมคุณภาพน้ำ
359,อาชีพเจ้าหน้าที่ควบคุมระบบผลิตน้ำประปา
360,อาชีพช่างวางท่อประปาภายนอก
361,อาชีพช่างบริการประปาชุมชน
362,อาชีพช่างสำรวจหาท่อรั่ว
363,อาชีพผู้ควบคุมและกำกับงานวางท่อประปาภายนอก
364,อาชีพช่างประปาภายในอาคาร
365,อาชีพผู้ควบคุมและกำกับงานประปาภายในอาคาร
366,อาชีพผู้ควบคุมกระบวนการผลิตความร้อน
367,อาชีพผู้ควบคุมกระบวนการผลิตไฟฟ้า
368,อาชีพผู้ดำเนินการจัดการบริหารคลังวัตถุดิบ
369,อาชีพผู้ดำเนินการจัดหาวัตถุดิบ
370,อาชีพผู้ดำเนินการฝ่ายสาธารณูปโภค
371,อาชีพผู้ปฏิบัติงานด้านการปรับปรุงคุณภาพก๊าซชีวภาพ
372,อาชีพผู้ปฏิบัติงานด้านควบคุมระบบผลิตก๊าซชีวภาพ
373,อาชีพผู้ปฏิบัติงานฝ่ายทดสอบและควบคุมคุณสมบัติเชื้อเพลิงชีวภาพ
374,อาชีพผู้ปฏิบัติงานฝ่ายทดสอบและควบคุมคุณสมบัติเชื้อเพลิงชีวมวล
375,อาชีพผู้ปฏิบัติการฝ่ายวิศวกรรมและซ่อมบำรุง
376,อาชีพผู้บริหารธุรกิจจัดส่งเอกสารและพัสดุด่วนระหว่างประเทศ
377,อาชีพผู้บริหารการจัดส่งพัสดุและสิ่งของด่วนภายในประเทศ
378,อาชีพผู้บริหารงานบรรจุหีบห่อและขนย้ายสินค้า
379,อาชีพผู้ปฏิบัติการจัดส่งเอกสารและพัสดุด่วนระหว่างประเทศ
380,อาชีพผู้ปฏิบัติการจัดส่งพัสดุและสิ่งของด่วนภายในประเทศ
381,อาชีพผู้ปฏิบัติงานบรรจุหีบห่อและขนย้ายสินค้า
382,อาชีพผู้ปฏิบัติงานขับรถส่งพัสดุและสิ่งของด่วน
383,อาชีพผู้ปฏิบัติการพิธีการศุลกากรสินค้าเร่งด่วน
384,อาชีพนักวิเคราะห์ของเสียอุตสาหกรรมในระดับห้องปฏิบัติการ
385,อาชีพผู้เก็บตัวอย่างกากของเสียอุตสาหกรรม
386,อาชีพผู้เก็บตัวอย่างน้ำ
387,อาชีพผู้เก็บตัวอย่างอากาศ
388,อาชีพผู้ดูแลการจัดการกากของเสียอุตสาหกรรม
389,อาชีพผู้ดูแลการบำบัด/กำจัดมลพิษทางน้ำ
390,อาชีพผู้ดูแลการบำบัด/กำจัดมลพิษทางอากาศ
391,อาชีพผู้ขนส่งของเสียอุตสาหกรรม
392,อาชีพผู้ให้บริการรับจัดหา (Broker) ของเสียอุตสาหกรรม
393,อาชีพนักตอบโต้สถานการณ์ฉุกเฉินด้านของเสียอุตสาหกรรม
394,อาชีพช่างเทคนิคซ่อมบำรุงทางรถไฟ
395,อาชีพช่างเทคนิคซ่อมบำรุงโครงสร้างรองรับทางรถไฟ
396,อาชีพผู้วางแผนและตรวจสอบงานซ่อมบำรุงทางรถไฟ
397,อาชีพช่างบำรุงรักษารถบรรทุกและรถบัสตามระยะทาง
398,อาชีพช่างซ่อมเครื่องยนต์รถบรรทุกและรถบัส
399,อาชีพช่างซ่อมระบบไฟฟ้าเครื่องยนต์รถบรรทุกและรถบัส
400,อาชีพช่างซ่อมเครื่องล่างรถบรรทุกและรถบัส
401,อาชีพช่างซ่อมระบบส่งกำลังรถบรรทุกและรถบัส
402,อาชีพช่างซ่อมรถพ่วงและรถกึ่งพ่วง
403,อาชีพช่างซ่อมระบบก๊าซธรรมชาติอัดในรถบรรทุกและรถบัส
404,อาชีพช่างซ่อมรถจักรยานยนต์
405,อาชีพช่างบำรุงรักษารถจักรยานยนต์
406,อาชีพพนักงานขายรถยนต์ใหม่
407,อาชีพพนักงานขายรถยนต์ใช้แล้ว
408,อาชีพพนักงานให้คำปรึกษาแผนกบริการ
409,อาชีพพนักงานประเมินราคารถยนต์ใช้แล้ว
410,อาชีพนักบริหารการผลิตสัตว์น้ำและผลิตภัณฑ์สัตว์น้ำสด แช่เย็น หรือแช่แข็ง
411,อาชีพผู้ปฏิบัติงานการผลิตสัตว์น้ำและผลิตภัณฑ์สัตว์น้ำสด แช่เย็น หรือแช่แข็ง
412,อาชีพนักบริหารการควบคุมและประกันคุณภาพสัตว์น้ำและผลิตภัณฑ์สัตว์น้ำสด แช่เย็นหรือแช่แข็ง
413,อาชีพผู้ปฏิบัติงานควบคุมและประกันคุณภาพสัตว์น้ำและผลิตภัณฑ์สัตว์น้ำสด แช่เย็นหรือแช่แข็ง
414,อาชีพนักวิจัยและพัฒนาผลิตภัณฑ์สัตว์น้ำและผลิตภัณฑ์สัตว์น้ำสด แช่เย็น หรือแช่แข็ง
415,อาชีพช่างเขียนแบบงานไฟฟ้า และสื่อสาร
416,อาชีพช่างเขียนแบบงานเครื่องกล
417,อาชีพช่างเขียนแบบสถาปัตยกรรม
418,อาชีพช่างเขียนแบบโครงสร้าง
419,อาชีพช่างติดตั้งฝ้าและผนังเบา
420,อาชีพช่างทำพื้นหินขัด
421,อาชีพช่างปูกระเบื้อง
422,อาชีพช่างปูบาทวิถี
423,อาชีพช่างปูพื้นหินธรรมชาติ
424,อาชีพช่างมุงหลังคา
425,อาชีพช่างก่ออิฐ
426,อาชีพช่างฉาบปูน
427,อาชีพช่างติดตั้งระบบชิ้นส่วนสำเร็จรูป
428,อาชีพช่างประกอบและติดตั้งเหล็กโครงสร้าง
429,อาชีพช่างสร้างและติดตั้งไม้โครงสร้าง
430,อาชีพช่างสำรวจเพื่องานก่อสร้าง
431,อาชีพช่างเหล็กเสริมคอนกรีต
432,อาชีพช่างแบบหล่อคอนกรีต
433,อาชีพช่างติดตั้งระบบประปาและสุขาภิบาล
434,อาชีพช่างติดตั้งเครื่องสุขภัณฑ์
435,อาชีพผู้ปฏิบัติงานด้านการขายระบบผลิตไฟฟ้าจากเซลล์แสงอาทิตย์
436,อาชีพผู้ปฏิบัติงานด้านการติดตั้ง ซ่อม และบำรุงรักษาระบบผลิตไฟฟ้าจากเซลล์แสงอาทิตย์
437,อาชีพผู้ปฏิบัติงานด้านการออกแบบระบบผลิตไฟฟ้าจากเซลล์แสงอาทิตย์
438,อาชีพผู้ช่วยช่างอุปกรณ์การแพทย์
439,อาชีพช่างอุปกรณ์การแพทย์
440,อาชีพวิศวกรชีวการแพทย์
441,อาชีพนักเทคโนโลยีคลินิก
442,อาชีพผู้ปฏิบัติงานด้านการจัดการปุ๋ยยางพารา (เก่า)
443,อาชีพผู้ปฏิบัติงานด้านจัดทำแปลงต้นยางพาราพันธุ์ดี (เก่า)
444,อาชีพผู้ปฏิบัติงานด้านเก็บเกี่ยวผลผลิตยางพารา
445,อาชีพผู้ปฏิบัติการควบคุมรถบรรทุก 10 ล้อหรือต่ำกว่า
446,อาชีพผู้ปฏิบัติการควบคุมรถบรรทุกควบคุมอุณหภูมิ
447,อาชีพผู้ปฏิบัติการควบคุมรถบรรทุกตู้คอนเทนเนอร์
448,อาชีพผู้ปฏิบัติการควบคุมรถบรรทุกพ่วง
449,อาชีพผู้ปฏิบัติการควบคุมรถบรรทุกวัตถุอันตราย
450,อาชีพผู้ปฏิบัติงานด้านการจัดการปุ๋ยสำหรับปาล์มน้ำมัน
451,อาชีพผู้ปฏิบัติงานด้านการผลิตกล้าปาล์มน้ำมัน
452,อาชีพผู้ปฏิบัติงานด้านการเก็บเกี่ยวผลผลิตปาล์มน้ำมัน
453,อาชีพช่างน้ำตาลรีไฟน์
454,อาชีพช่างพักใส
455,อาชีพช่างลูกหีบ
456,อาชีพช่างหม้อต้ม
457,อาชีพช่างหม้อปั่น
458,อาชีพช่างหม้อเคี่ยว
459,อาชีพช่างอบแห้งน้ำตาล
460,อาชีพผู้ควบคุมคุณภาพในอุตสาหกรรมน้ำตาล
461,อาชีพนักความปลอดภัยวิชาชีพ
462,อาชีพนักสุขศาสตร์อุตสาหกรรม
463,อาชีพช่างไฟฟ้า และอิเล็กทรอนิกส์การบิน
464,อาชีพช่างซ่อมเครื่องบินปีกแข็ง
465,อาชีพช่างซ่อมเฮลิคอปเตอร์
466,อาชีพช่างซ่อมระบบไฟฟ้าเครื่องยนต์
467,อาชีพนักออกแบบของเล่น
468,อาชีพนักออกแบบบรรจุภัณฑ์
469,อาชีพนักออกแบบเฟอร์นิเจอร์
470,อาชีพนักออกแบบเครื่องใช้ไฟฟ้าอิเล็กทรอนิกส์
471,อาชีพนักออกแบบไลฟ์สไตร์โปรดักส์
472,อาชีพนักออกแบบโคมไฟและอุปกรณ์ให้แสงสว่าง
473,อาชีพนักออกแบบรองเท้า
474,อาชีพนักออกแบบผลิตภัณฑ์อุตสาหกรรม
475,อาชีพนักปฏิบัติการผลิตเส้นด้าย
476,อาชีพนักปฏิบัติการผลิตผ้าทอ
477,อาชีพนักปฏิบัติการผลิตผ้าถัก
478,อาชีพนักพัฒนาเส้นด้าย
479,อาชีพนักพัฒนาผ้าทอ
480,อาชีพนักพัฒนาผ้าถัก
481,อาชีพนักออกแบบเส้นด้าย
482,อาชีพนักออกแบบผ้าทอ
483,อาชีพนักออกแบบผ้าถัก
484,อาชีพช่างควบคุมหุ่นยนต์
485,อาชีพช่างเทคนิคหุ่นยนต์
486,อาชีพช่างเทคนิคระบบหุ่นยนต์
487,อาชีพช่างติดตั้งระบบเสียง
488,อาชีพนักออกแบบแสงเวที
489,อาชีพช่างติดตั้งระบบแสง
490,อาชีพผู้ควบคุมอุปกรณ์ระบบเสียง
491,อาชีพนักบำรุงรักษาระบบเสียง
492,อาชีพผู้ควบคุมอุปกรณ์ระบบแสง
493,อาชีพผู้บำรุงรักษาอุปกรณ์ระบบแสง
494,อาชีพผู้จัดการการกระจายสินค้าระหว่างประเทศ
495,อาชีพผู้จัดการขนส่งสินค้าต่อเนื่องหลายรูปแบบ
496,อาชีพผู้บริหารการกระจายสินค้าระหว่างประเทศ
497,อาชีพผู้บริหารขนส่งสินค้าต่อเนื่องหลายรูปแบบ
498,อาชีพผู้ปฏิบัติงานการกระจายสินค้าระหว่างประเทศ
499,อาชีพผู้ปฏิบัติงานการกระจายสินค้าระหว่างประเทศทางทะเล
500,อาชีพผู้ปฏิบัติงานการกระจายสินค้าระหว่างประเทศทางบก
501,อาชีพผู้ปฏิบัติงานการกระจายสินค้าระหว่างประเทศทางอากาศ
502,อาชีพผู้ประกอบอาหารริมบาทวิถี
503,อาชีพผู้ประกอบอาหารฮาลาล
504,อาชีพนักส่งเสริมการผลิตวัตถุดิบสำหรับการแปรรูปผลิตภัณฑ์ผักและผลไม้
505,อาชีพผู้ดูแลจัดซื้อจัดหาวัตถุดิบและปัจจัยการผลิตสำหรับการแปรรูปผักและผลไม้
506,อาชีพผู้แปรรูปผลิตภัณฑ์ผักและผลไม้อบแห้ง
507,อาชีพผู้แปรรูปผลิตภัณฑ์ผักและผลไม้ในภาชนะบรรจุปิดสนิท
508,อาชีพนักควบคุมและประกันคุณภาพผลิตภัณฑ์ผักและผลไม้อบแห้ง
509,อาชีพนักควบคุมและประกันคุณภาพผลิตภัณฑ์ผักและผลไม้ในภาชนะบรรจุปิดสนิท
510,อาชีพนักวิจัยและพัฒนาผลิตภัณฑ์ผักและผลไม้อบแห้ง
511,อาชีพนักวิจัยและพัฒนาผลิตภัณฑ์ผักและผลไม้ในภาชนะบรรจุปิดสนิท
512,อาชีพผู้ดูแลซ่อมบำรุงเครื่องจักรและอุปกรณ์ในการแปรรูปผักและผลไม้
513,อาชีพผู้ดูแลคลังสินค้าผลิตภัณฑ์ผักและผลไม้แปรรูป
514,อาชีพผู้บริหารการควบคุมและประกันคุณภาพผลิตภัณฑ์ผักและผลไม้แปรรูป
515,อาชีพผู้บริหารอุตสาหกรรมแปรรูปผลิตภัณฑ์ผักและผลไม้
516,อาชีพผู้ทดสอบหรือสอบเทียบเครื่องมือวัดทางการแพทย์
517,อาชีพผู้สอบเทียบเครื่องมือวัดด้านเคมี
518,อาชีพผู้สอบเทียบเครื่องมือวัดด้านความดัน
519,อาชีพผู้สอบเทียบเครื่องมือวัดด้านปริมาตร
520,อาชีพนักผังเมือง
521,อาชีพผู้ควบคุมคลังสินค้าอันตราย
522,อาชีพผู้ควบคุมห้องเย็น
523,อาชีพผู้ควบคุมไซโล
524,อาชีพผู้บริหารงานคลังสินค้าอันตราย
525,อาชีพผู้บริหารห้องเย็น
526,อาชีพผู้บริหารไซโล
527,อาชีพผู้ควบคุมพิธีการถ่ายลำและผ่านแดน
528,อาชีพผู้บริหารการส่งออกและนำเข้า
529,อาชีพผู้ปฏิบัติงานสินค้าควบคุมการส่งออกและนำเข้า
530,อาชีพนักวิจัยพัฒนาผลิตภัณฑ์จากสมุนไพร
531,อาชีพผู้ควบคุมคลังวัตถุดิบและผลิตภัณฑ์จากสมุนไพร
532,อาชีพผู้ตรวจคุณภาพผลิตภัณฑ์จากสมุนไพร
533,อาชีพผู้ตรวจคุณภาพผลิตภัณฑ์จากสมุนไพรทางจุลชีววิทยา
534,อาชีพผู้ตรวจคุณภาพผลิตภัณฑ์จากสมุนไพรทางเคมี
535,อาชีพผู้ผลิตผลิตภัณฑ์เสริมอาหารจากสมุนไพร
536,อาชีพผู้ผลิตยาจากสมุนไพร
537,อาชีพผู้ผลิตเครื่องสำอางจากสมุนไพร
538,อาชีพผู้ให้บริการจัดส่งเอกสารและพัสดุด่วนระหว่างประเทศ
539,อาชีพผู้ให้บริการจัดส่งเอกสารและพัสดุด่วนภายในประเทศ
540,อาชีพผู้ให้บริการงานบรรจุหีบห่อและขนย้ายสินค้า
541,อาชีพเกษตรกรตามแนวพระราชดำริเศรษฐกิจพอเพียง ด้านทฤษฎีใหม่
542,อาชีพเกษตรกรตามแนวพระราชดำริเศรษฐกิจพอเพียง ด้านเกษตรผสมผสาน
543,อาชีพเกษตรกรตามแนวพระราชดำริเศรษฐกิจพอเพียง ด้านพืชเชิงเดี่ยว
544,อาชีพเกษตรกรตามแนวพระราชดำริเศรษฐกิจพอเพียง ด้านสัตว์เชิงเดี่ยว
545,อาชีพเกษตรกรตามแนวพระราชดำริเศรษฐกิจพอเพียง ด้านสัตว์น้ำ
546,อาชีพที่ปรึกษาด้านพาณิชย์อิเล็กทรอนิกส์
547,อาชีพนักพาณิชย์อิเล็กทรอนิกส์
548,อาชีพนักการตลาดดิจิทัล
549,อาชีพนักบริหารจัดการระบบบริการออนไลน์
550,อาชีพนักบริหารระบบความมั่นคงปลอดภัยด้านพาณิชย์อิเล็กทรอนิกส์
551,อาชีพนักประเมินระบบพาณิชย์อิเล็กทรอนิกส์
552,อาชีพนักพัฒนาและบริหารข้อมูลระบบเว็บไซต์ด้านพาณิชย์อิเล็กทรอนิกส์
553,อาชีพนักออกแบบเว็บไซต์
554,อาชีพนักการตลาดพื้นที่สีเขียว
555,อาชีพนักเศรษฐศาสตร์ธุรกิจการจัดการพื้นที่สีเขียว
556,อาชีพเจ้าหน้าที่ประสานงานด้านกฎหมายการจัดการพื้นที่สีเขียว
557,อาชีพนักจัดผังบริเวณและภูมิทัศน์
558,อาชีพนักออกแบบพื้นที่สีเขียว
559,อาชีพเจ้าหน้าที่ป้องกันผลกระทบสิ่งแวดล้อม
560,อาชีพนักจัดการเครื่องมืออุปกรณ์พื้นที่สีเขียว
561,อาชีพนักตกแต่งสวนสาธารณะ
562,อาชีพนักบำรุงรักษาสวนสาธารณะ
563,อาชีพเจ้าหน้าที่จัดเตรียมวัสดุและทรัพยากรพื้นที่สีเขียว
564,อาชีพช่างกริป (Best Boy Grip)
565,อาชีพช่างกริป (Grip Runner)
566,อาชีพช่างกริป (Grip Man)
567,อาชีพผู้ช่วยช่างภาพ (Camera Runner)
568,อาชีพช่างไฟ (Electrician Runner)
569,อาชีพช่างไฟ (Electrician)
570,อาชีพช่างควบคุมเครื่องปั่นไฟ (Generator Runner)
571,อาชีพช่างริก (Rig Runner)
572,อาชีพช่างริก (Rig Man)
573,อาชีพผู้ช่วยช่างบันทึกเสียง (Cable Man)
574,อาชีพผู้ช่วยช่างบันทึกเสียง (2nd Assistant Boom Operator)
575,อาชีพช่างกริป (Key Grip)
576,อาชีพช่างควบคุมเครื่องปั่นไฟ (Generator Operator)
577,อาชีพช่างถ่ายภาพยนตร์ (Camera Operator)
578,อาชีพช่างภาพสเตดิแคม (Steadicam Operator)
579,อาชีพช่างบันทึกเสียง (Sound Recordist)
580,อาชีพผู้ช่วยช่างภาพ (1st Assistant Camera)
581,อาชีพผู้ช่วยช่างภาพสเตดิแคม (Assistant Steadicam Operator)
582,อาชีพผู้ช่วยช่างภาพใต้น้ำ (Assistant Underwater Camera Operator)
583,อาชีพช่างภาพใต้น้ำ (Underwater Camera Operator)
584,อาชีพช่างริก (Best Boy Rig)
585,อาชีพช่างริก (Key Rig)
586,อาชีพช่างเทคนิคภาพดิจิทัล (Data Wrangler)
587,อาชีพช่างเทคนิคภาพดิจิทัล (Digital Imaging Technician)
588,อาชีพช่างแสง (Gaffer)
589,อาชีพช่างไฟ (Best Boy Electrician)
590,อาชีพผู้กำกับภาพ (Director of Photography)
591,อาชีพผู้ช่วยช่างบันทึกเสียง (1st Assistant Boom Operator)
592,อาชีพผู้ช่วยช่างภาพ (2nd Assistant Camera)
593,อาชีพผู้ช่วยช่างภาพ (Video Assistant)
594,อาชีพผู้สอนภาษาไทยสำหรับชาวต่างชาติ
595,อาชีพนักปฏิบัติการผลิตเม็ดพลาสติกชีวภาพ
596,อาชีพนักปฏิบัติการผลิตเม็ดคอมพาวนด์พลาสติกชีวภาพ
597,อาชีพผู้ตรวจสอบคุณภาพเม็ดคอมพาวนด์พลาสติกชีวภาพ
598,อาชีพช่างออกแบบแม่พิมพ์ทุบขึ้นรูปร้อน (Hot Forging)
599,อาชีพช่างออกแบบแม่พิมพ์อัดรีดพลาสติก (PlasticExtrusion)
600,อาชีพช่างออกแบบแม่พิมพ์อัดรีดอะลูมิเนียม (AluminumExtrusion)
601,อาชีพช่างปรับประกอบ Jig & Fixture
602,อาชีพช่างออกแบบ Jig & Fixture
603,อาชีพช่างปรับประกอบ Checking Fixture
604,อาชีพช่างออกแบบ Checking Fixture
605,อาชีพช่างออกแบบแม่พิมพ์ฉีดโลหะ
606,อาชีพช่างซ่อมบำรุงรักษาแม่พิมพ์ฉีดโลหะ
607,อาชีพช่างปรับประกอบแม่พิมพ์ฉีดโลหะ
608,อาชีพช่างออกแบบแม่พิมพ์อัดพลาสติก
609,อาชีพช่างออกแบบแม่พิมพ์เป่าพลาสติก
610,อาชีพช่างออกแบบแม่พิมพ์เทอร์โมฟอร์มมิ่ง
611,อาชีพช่างออกแบบแม่พิมพ์ฉีดยาง
612,อาชีพช่างออกแบบแม่พิมพ์อัดยาง
613,อาชีพช่างซ่อมบำรุงรักษาแม่พิมพ์ยาง
614,อาชีพช่างปรับประกอบแม่พิมพ์ยาง
615,อาชีพผู้ปฏิบัติงานด้านการบริหารจัดการสวนปาล์มน้ำมันอย่างยั่งยืน
616,อาชีพผู้ปฏิบัติงานด้านการปลูกสร้างสวนปาล์มน้ำมัน
617,อาชีพผู้ปฏิบัติงานด้านการจัดการผลผลิตและการตลาดปาล์มน้ำมัน
618,อาชีพผู้ปฏิบัติงานด้านการปลูกสร้างสวนยางพารา (เก่า)
619,อาชีพผู้ปฏิบัติงานด้านระบบการจัดการสวนยางพาราอย่างยั่งยืน (เก่า)
620,อาชีพผู้ปฏิบัติงานด้านการตลาดผลผลิตยางพาราขั้นต้น (เก่า)
621,อาชีพผู้ปฏิบัติงานด้านการแปรรูปผลผลิตยางพารา
622,อาชีพผู้เก็บรวบรวมและขนส่งของเสียชุมชน
623,อาชีพผู้คัดแยกของเสียชุมชนในสถานที่จัดการของเสีย
624,อาชีพผู้ดูแลการจัดการของเสียชุมชนในสถานที่ฝังกลบ
625,อาชีพผู้ดูแลการจัดการของเสียชุมชนในสถานที่เผาของเสีย
626,อาชีพผู้ตรวจติดตามคุณภาพสิ่งแวดล้อมในสถานที่จัดการของเสีย
627,อาชีพผู้ประสานงานสิ่งแวดล้อมชุมชนรอบสถานที่จัดการของเสีย
628,อาชีพนักพัฒนาและออกแบบผลิตภัณฑ์อัจฉริยะ (Smart Product) เพื่อรองรับIoT (Internet of things)
629,อาชีพนักพัฒนากระบวนการผลิตชั้นสูง (Smart Factory)
630,อาชีพนักควบคุมป้องกันไฟฟ้าสถิตและสิ่งปนเปื้อน
631,อาชีพผู้ตัดสินกีฬา
632,อาชีพผู้ฝึกสอนกีฬา
633,อาชีพช่างระบบไฮดรอลิกส์ ผลิตชิ้นส่วนยานยนต์
634,อาชีพช่างระบบนิวเมติกส์ ผลิตชิ้นส่วนยานยนต์
635,อาชีพช่างโปรแกรมควบคุมลำดับขั้นผลิตชิ้นส่วนยานยนต์
636,อาชีพช่างปรับประกอบเครื่องจักรผลิตชิ้นส่วนยานยนต์
637,อาชีพช่างประกอบอุปกรณ์อิเล็กทรอนิกส์ผลิตชิ้นส่วนยานยนต์
638,อาชีพผู้จัดการอาคารเพื่อการพาณิชย์
639,อาชีพช่างอาคารเพื่อการพาณิชย์
640,อาชีพนักบริหารพื้นที่เช่าอาคารเพื่อการพาณิชย์
641,อาชีพผู้ดูแลอาคารสถานที่อาคารเพื่อการพาณิชย์
642,อาชีพผู้ปฏิบัติงานด้านกฎหมายในอาคารเพื่อการพาณิชย์
643,อาชีพผู้ปฏิบัติงานด้านการเงินในอาคารเพื่อการพาณิชย์
644,อาชีพนักบริหารลูกค้าสัมพันธ์ในอาคารเพื่อการพาณิชย์
645,อาชีพนักขนส่งสินค้าทางถนนด้วยเทคโนโลยี
646,อาชีพนักวิเคราะห์และพัฒนาเทคโนโลยีการขนส่ง
647,อาชีพนักโลจิสติกส์
648,อาชีพนักคลังสินค้าด้วยเทคโนโลยี
649,อาชีพนักซัพพลายเชน (นักกลยุทธ์ซัพพลายเชน)
650,อาชีพนักซัพพลายเชน (นักบริหารซัพพลายเชน)
651,อาชีพนักซัพพลายเชน
652,อาชีพผู้ปฏิบัติงานทำแม่พิมพ์กราวัวร์
653,อาชีพผู้ปฏิบัติงานทำแม่พิมพ์เฟล็กโซกราฟี
654,อาชีพผู้ปฏิบัติงานวิจัยและพัฒนาบรรจุภัณฑ์
655,อาชีพผู้ปฏิบัติงานออกแบบกราฟิกบรรจุภัณฑ์
656,อาชีพผู้ปฏิบัติงานออกแบบโครงสร้างบรรจุภัณฑ์
657,อาชีพผู้ปฏิบัติงานพิมพ์กราวัวร์
658,อาชีพผู้ปฏิบัติงานพิมพ์เฟล็กโซกราฟี
659,อาชีพผู้ปฏิบัติงานจัดการคุณภาพการพิมพ์
660,อาชีพผู้ปฏิบัติงานทำเล่มปกแข็ง
661,อาชีพผู้ปฏิบัติงานอัดตัดตามแม่แบบ
662,อาชีพนักเวชสารสนเทศด้านพยาธิวิทยา (Pathology Informatician)
663,อาชีพนักเวชสารสนเทศทางรังสีวิทยา (Radiology Informatician)
664,อาชีพนักเวชระเบียน
665,อาชีพนักเวชสถิติ (Medical Statistician)
666,อาชีพนักบริหารจัดการระบบเครือข่ายคอมพิวเตอร์ทางการแพทย์ (HealthcareNetwork Administrator)
667,อาชีพนักวิเคราะห์ระบบสารสนเทศทางการแพทย์ (Healthcare Business Analyst)
668,อาชีพช่างขึ้นรูปผลิตภัณฑ์ด้วยกระบวนการเป่ายืดขึ้นรูป
669,อาชีพผู้ตรวจสอบคุณภาพกระบวนการเป่ายืดขึ้นรูป
670,อาชีพช่างบำรุงรักษาในกระบวนการเป่ายืดขึ้นรูป
671,อาชีพช่างออกแบบและพัฒนาในกระบวนการเป่ายืดขึ้นรูป
672,อาชีพนักบริหารจัดการในกระบวนการเป่ายืดขึ้นรูป
673,อาชีพช่างขึ้นรูปผลิตภัณฑ์ด้วยกระบวนการฉีดขึ้นรูป
674,อาชีพผู้ตรวจสอบคุณภาพกระบวนการฉีดขึ้นรูป
675,อาชีพช่างบำรุงรักษาในกระบวนการฉีดขึ้นรูป
676,อาชีพช่างออกแบบและพัฒนาในกระบวนการฉีดขึ้นรูป
677,อาชีพนักบริหารจัดการในกระบวนการฉีดขึ้นรูป
678,อาชีพช่างขึ้นรูปผลิตภัณฑ์ด้วยกระบวนการอัดขึ้นรูป
679,อาชีพผู้ตรวจสอบคุณภาพกระบวนการอัดขึ้นรูป
680,อาชีพช่างบำรุงรักษาในกระบวนการอัดขึ้นรูป
681,อาชีพช่างออกแบบและพัฒนาในกระบวนการอัดขึ้นรูป
682,อาชีพนักบริหารจัดการในกระบวนการอัดขึ้นรูป
683,อาชีพช่างขึ้นรูปผลิตภัณฑ์ด้วยกระบวนการอัดรีดขึ้นรูปโปรไฟล์และท่อ
684,อาชีพผู้ตรวจสอบคุณภาพกระบวนการอัดรีดขึ้นรูปโปรไฟล์และท่อ
685,อาชีพช่างบำรุงรักษาในกระบวนการอัดรีดขึ้นรูปโปรไฟล์และท่อ
686,อาชีพช่างออกแบบและพัฒนาในกระบวนการอัดรีดขึ้นรูปโปรไฟล์และท่อ
687,อาชีพนักบริหารจัดการในกระบวนการอัดรีดขึ้นรูปโปรไฟล์และท่อ
688,อาชีพช่างขึ้นรูปผลิตภัณฑ์ด้วยกระบวนการขึ้นรูปสุญญากาศ
689,อาชีพผู้ตรวจสอบคุณภาพกระบวนการขึ้นรูปสุญญากาศ
690,อาชีพช่างบำรุงรักษาในกระบวนการขึ้นรูปสุญญากาศ
691,อาชีพช่างออกแบบและพัฒนาในกระบวนการขึ้นรูปสุญญากาศ
692,อาชีพนักบริหารจัดการในกระบวนการขึ้นรูปสุญญากาศ
693,อาชีพธุรการหอผู้ป่วย
694,อาชีพนักดูแลเกี่ยวกับศพ
695,อาชีพนักต้อนรับผู้ป่วย
696,อาชีพนักพัฒนาคุณภาพโรงพยาบาล
697,อาชีพนักเคลื่อนย้ายผู้ป่วย
698,อาชีพนักเวชสถิติ
699,อาชีพนักโสตทัศนูปกรณ์ทางการแพทย์
700,อาชีพผู้ประกอบอาหารในโรงพยาบาล
701,อาชีพล่ามและนักแปลภาษาทางการแพทย์
702,อาชีพนักการตลาดทางการแพทย์
703,อาชีพนักประชาสัมพันธ์ทางการแพทย์
704,อาชีพผู้ประเมินคุณภาพอาหารด้านประสาทสัมผัส
705,อาชีพนักเทคโนโลยีชีวภาพ
706,อาชีพนักเทคโนโลยีชีวภาพทางการเกษตร
707,อาชีพนักเทคโนโลยีชีวภาพทางการแพทย์
708,อาชีพนักเทคโนโลยีชีวภาพทางด้านสิ่งแวดล้อม
709,อาชีพนักเทคโนโลยีชีวภาพทางอาหาร
710,อาชีพนักพัฒนาคอร์สแวร์
711,อาชีพนักออกแบบเนื้อหา
712,อาชีพนักพัฒนาระบบบริหารจัดการการเรียนรู้
713,อาชีพผู้ปฏิบัติงานผลิต (การผลิตผลิตภัณฑ์สัตว์น้ำในภาชนะบรรจุที่ปิดสนิท)
714,อาชีพผู้ปฏิบัติงานควบคุมหม้อฆ่าเชื้อ(การผลิตผลิตภัณฑ์สัตว์น้ำในภาชนะบรรจุที่ปิดสนิท)
715,อาชีพนักบริหารการผลิต(การผลิตผลิตภัณฑ์สัตว์น้ำในภาชนะบรรจุที่ปิดสนิท)
716,อาชีพผู้ปฏิบัติงานควบคุมและประกันคุณภาพ(การผลิตผลิตภัณฑ์สัตว์น้ำในภาชนะบรรจุที่ปิดสนิท)
717,อาชีพนักบริหารงานควบคุมและประกันคุณภาพ(การผลิตผลิตภัณฑ์สัตว์น้ำในภาชนะบรรจุที่ปิดสนิท)
718,อาชีพนักวิจัยและพัฒนา (การผลิตผลิตภัณฑ์สัตว์น้ำในภาชนะบรรจุที่ปิดสนิท)
719,อาชีพผู้ประกอบการ
720,อาชีพผู้จำหน่ายอิสระ
721,อาชีพนักขาย
722,อาชีพวิทยากร
723,อาชีพผู้สนับสนุนงานขาย
724,อาชีพนักกู้ชีพ
725,อาชีพนักบริหารนวัตกรรมกู้ชีพ
726,อาชีพนักบริหารกู้ชีพ
727,อาชีพนักกู้ภัย
728,อาชีพนักบริหารนวัตกรรมกู้ภัย
729,อาชีพนักบริหารกู้ภัย
730,อาชีพนักดับเพลิง
731,อาชีพนักบริหารดับเพลิง
732,อาชีพนักบริหารนวัตกรรมดับเพลิง
733,อาชีพทดสอบเครื่องมือแพทย์
734,อาชีพออกแบบเครื่องมือแพทย์
735,อาชีพประกอบเครื่องมือแพทย์
736,อาชีพผลิตเครื่องมือแพทย์
737,อาชีพผู้ปฏิบัติงานส่งออก - นำเข้า (ผู้ชำนาญการศุลกากร)
738,อาชีพผู้ปฏิบัติงานส่งออก - นำเข้า (ผู้ปฏิบัติงานธุรการส่งออก-นำเข้า)
739,อาชีพผู้ปฏิบัติงานส่งออก - นำเข้า (ผู้ปฏิบัติพิธีการและตรวจปล่อยสินค้า)
740,อาชีพผู้ปฏิบัติงานส่งออก - นำเข้า (ผู้ผ่านพิธีการศุลกากร)
741,อาชีพผู้บริหารการกระจายสินค้า
742,อาชีพผู้บริหารคลังสินค้า
743,อาชีพผู้บริหารสินค้าคงคลัง
744,อาชีพผู้ปฏิบัติงานคลังสินค้า
745,อาชีพผู้รับจัดการขนส่งสินค้าระหว่างประเทศ
746,อาชีพผู้รับจัดการขนส่งสินค้าระหว่างประเทศ (ทางอากาศ)
747,อาชีพผู้รับจัดการขนส่งสินค้าระหว่างประเทศ (ทางทะเล)
748,อาชีพผู้บริหารโครงการวิจัย
749,อาชีพผู้ช่วยนักวิจัย
750,อาชีพนักวิจัย
751,อาชีพนักออกแบบศิลปะเกม (ผู้กำกับศิลป์)
752,อาชีพนักออกแบบศิลปะเกม (แนวคิดเกม)
753,อาชีพนักออกแบบศิลปะเกม(ภาพเคลื่อนไหว)
754,อาชีพนักออกแบบศิลปะเกม (ริกเกอร์)
755,อาชีพนักออกแบบศิลปะเกม (สร้างสรรค์ภาพ 2 มิติ)
756,อาชีพนักออกแบบศิลปะเกม (เทคนิคเกม)
757,อาชีพนักออกแบบศิลปะเกม (โมเดล 3 มิติ)
758,อาชีพนักออกแบบเกม
759,อาชีพนักพัฒนาโปรแกรมเกม
760,อาชีพนักเทคโนโลยีการผลิตสัตว์
761,อาชีพนักเทคโนโลยีการจัดการการเกษตร
762,อาชีพนักเทคโนโลยีการผลิตพืช
763,อาชีพเกษตรกรปราดเปรื่อง
764,อาชีพผู้ประกอบการเกษตร
765,อาชีพนักส่งเสริมการเกษตร
766,อาชีพนักวิทยาศาสตร์ข้อมูล (DataScientist)
767,อาชีพนักวิเคราะห์ข้อมูล
768,อาชีพนักวิเคราะห์ข้อมูลธุรกิจ (BusinessIntelligence Analyst)
769,อาชีพผู้ปฏิบัติงานด้านวิศวกรรมข้อมูล
770,อาชีพสถาปนิกสารสนเทศ (InformationArchitect)
771,อาชีพผู้สอบเทียบเครื่องมือวัดด้านความยาวและมิติ
772,อาชีพผู้สอบเทียบเครื่องมือวัดด้านแรง
773,อาชีพผู้สอบเทียบเครื่องมือวัดด้านแรงบิด
774,อาชีพผู้จัดการร้าน
775,อาชีพผู้ช่วยผู้จัดการร้าน
776,อาชีพพนักงานร้าน
777,อาชีพนักพัฒนาซอฟต์แวร์ด้านเทคโนโลยีคลาวด์
778,อาชีพนักพัฒนาซอฟต์แวร์ด้านอุปกรณ์เคลื่อนที่
779,อาชีพนักพัฒนาซอฟต์แวร์เพื่ออินเตอร์เน็ตของสรรพสิ่ง
780,อาชีพนักออกแบบสถาปัตยกรรมด้านซอฟต์แวร์
781,อาชีพนักออกแบบสถาปัตยกรรมซอฟต์แวร์ด้านเทคโนโลยีคลาวด์
782,อาชีพนักพัฒนาระบบสมองกลฝังตัว
783,อาชีพผู้สนับสนุนด้านไอทีสำหรับธุรกิจขนาดย่อม
784,อาชีพนักเทคโนโลยีวางโครงข่ายสายใยแก้วนำแสง
785,อาชีพนักเทคโนโลยีควบคุมโครงข่ายหลักโทรคมนาคม
786,อาชีพช่างติดตั้งสายสัญญาณโครงข่ายใยแก้วนำแสงโดยอาศัยลม
787,อาชีพช่างสายสัญญาณโครงข่ายภายในอาคาร
788,อาชีพช่างสายส่งสัญญาณระบบโทรคมนาคมในที่สูง
789,อาชีพนักจัดการความมั่นคงปลอดภัยระบบสารสนเทศ
790,อาชีพนักจัดการอุปกรณ์พกพาและเครือข่ายไร้สาย
791,อาชีพนัก Concept/Visual Artist
792,อาชีพนักแอนิเมเตอร์ 3 มิติ (3D Animator)
793,อาชีพนักสร้างโมเดล 3 มิติ (3D Modeler)
794,อาชีพนัก Compositor3 มิติ (3D Compositor)
795,อาชีพนักบริหารจัดการระบบคุณภาพข้าว
796,อาชีพนักควบคุมและตรวจสอบคุณภาพข้าวสำหรับโรงสี
797,อาชีพนักซ่อมบำรุงและดูแลเครื่องจักรและอุปกรณ์สำหรับโรงสี
798,อาชีพนักจัดการกระบวนการผลิตข้าว (Processing manager)
799,อาชีพนักบริหารจัดการสินค้าคงคลังสำหรับโรงสีข้าว
800,อาชีพช่างขึ้นรูปทรงเปิด (Open Profile)
801,อาชีพช่างขึ้นรูปทรงเปิด (Open Profile) (เครื่องจักรส่วนต้น)
802,อาชีพช่างขึ้นรูปทรงเปิด (Open Profile) (เครื่องจักรส่วนกลาง)
803,อาชีพช่างขึ้นรูปทรงเปิด (Open Profile) (เครื่องจักรส่วนปลาย)
804,อาชีพช่างชุบสังกะสีจุ่มร้อน (hot dip galvanizing) (เตรียมชิ้นงาน)
805,อาชีพช่างชุบสังกะสีจุ่มร้อน (hot dip galvanizing) (เจียแต่ง)
806,อาชีพช่างชุบสังกะสีจุ่มร้อน (hot dip galvanizing)
807,อาชีพช่างม้วนท่อตะเข็บตรง (ERW)
808,อาชีพช่างม้วนท่อตะเข็บตรง (ERW) (เครื่องจักรส่วนต้น)
809,อาชีพช่างม้วนท่อตะเข็บตรง (ERW) (เครื่องจักรส่วนกลาง)
810,อาชีพช่างม้วนท่อตะเข็บตรง (ERW) (เครื่องจักรส่วนปลาย)
811,อาชีพช่างม้วนท่อตะเข็บตรง (ERW) (เครื่องเฟซและทดสอบแรงดันน้ำ)
812,อาชีพช่างม้วนท่อตะเข็บเกลียว (SSAW)
813,อาชีพช่างม้วนท่อตะเข็บเกลียว (SSAW) (เครื่องจักรส่วนต้น)
814,อาชีพช่างม้วนท่อตะเข็บเกลียว (SSAW) (เครื่องจักรส่วนกลาง)
815,อาชีพช่างม้วนท่อตะเข็บเกลียว (SSAW) (เครื่องจักรส่วนปลาย)
816,อาชีพพนักงานปฏิบัติการขาย
817,อาชีพป้องกันความสูญเสียและสูญหาย
818,อาชีพครูฝึกงานอารักขาบุคคลสำคัญ
819,อาชีพผู้บริหารงานอารักขาบุคคลสำคัญ
820,อาชีพเจ้าหน้าที่อารักขาบุคคลสำคัญ
821,อาชีพนักผังเมือง (บุคลากรสนับสนุน)
822,อาชีพนักผังเมือง (บุคลากรหลัก)
823,อาชีพนักบริหารการประชาสัมพันธ์
824,อาชีพนักสื่อสารกลยุทธ์การประชาสัมพันธ์
825,อาชีพนักประชาสัมพันธ์ออนไลน์
826,อาชีพนักวิจัยและประเมินผลการประชาสัมพันธ์
827,อาชีพนักสื่อสารองค์กรสัมพันธ์
828,อาชีพนักสร้างสื่อประชาสัมพันธ์
829,อาชีพช่างซ่อมสมาร์ตโฟนและแท็บเล็ต
830,อาชีพช่างซ่อมสมาร์ตโฟนและแท็บเล็ต(จอแสดงผล)
831,อาชีพช่างเทคนิคซ่อมบำรุงระบบไฟฟ้า
832,อาชีพช่างเทคนิคซ่อมบำรุงเครื่องกล (Mechanical Maintenance Technician)
833,อาชีพช่างเทคนิคซ่อมบำรุงเครื่องมือวัดและควบคุม ภาคสนาม
834,อาชีพช่างเทคนิคซ่อมบำรุงเครื่องมือวัดและควบคุม ระบบควบคุมการผลิต
835,อาชีพช่างเทคนิคซ่อมบำรุงเครื่องมือวัดและควบคุมสำหรับงานวิเคราะห์
836,อาชีพผู้ประกอบการที่พักท้องถิ่น
837,อาชีพผู้ประกอบการอาหารท้องถิ่น
838,อาชีพผู้ประกอบการของที่ระลึกและผลิตภัณฑ์ท้องถิ่น
839,อาชีพนักเล่าเรื่องท้องถิ่น
840,อาชีพนักออกแบบประสบการณ์ท่องเที่ยวท้องถิ่น
841,อาชีพนักการตลาดท่องเที่ยวท้องถิ่น
842,อาชีพนักบูรณาการระบบการผลิต (การประกอบระบบทางกล)
843,อาชีพนักบูรณาการระบบการผลิต (การประกอบระบบสื่อสาร)
844,อาชีพนักบูรณาการระบบการผลิต (การประกอบระบบไฟฟ้า)
845,อาชีพนักบูรณาการระบบการผลิต (การเขียนโปรแกรม PLC เพื่อควบคุมกระบวนการผลิต)
846,อาชีพนักบูรณาการระบบการผลิต (การเขียนโปรแกรมการแสดงผลและควบคุมการผลิต)
847,อาชีพนักบูรณาการระบบการผลิต (การเขียนโปรแกรมหุ่นยนต์ในระบบการผลิต)
848,อาชีพนักบูรณาการระบบการผลิต (การเขียนโปรแกรมเชื่อมฐานข้อมูลการผลิต)
849,อาชีพนักบูรณาการระบบการผลิต (การออกแบบระบบทางกล)
850,อาชีพนักบูรณาการระบบการผลิต (การออกแบบระบบสื่อสาร)
851,อาชีพนักบูรณาการระบบการผลิต (การออกแบบระบบไฟฟ้า)
852,อาชีพนักบูรณาการระบบการผลิต
853,อาชีพผู้ควบคุมคลังสินค้าห้องเย็น
854,อาชีพผู้ควบคุมคลังสินค้าไซโล
855,อาชีพผู้บริหารคลังสินค้าห้องเย็น
856,อาชีพผู้บริหารคลังสินค้าอันตราย
857,อาชีพผู้บริหารคลังสินค้าไซโล
858,อาชีพผู้ปฏิบัติการควบคุมรถบรรทุกขนาดเล็กสำหรับการขนส่งทางถนน
859,อาชีพผู้ปฏิบัติการควบคุมรถบรรทุกขนาดใหญ่สำหรับการขนส่งทางถนน
860,อาชีพผู้ปฏิบัติการควบคุมรถบรรทุกลากจูงสำหรับการขนส่งทางถนน
861,อาชีพผู้ปฏิบัติการควบคุมรถบรรทุกวัตถุอันตรายสำหรับการขนส่งทางถนน
862,อาชีพผู้ปฏิบัติการควบคุมรถบรรทุกสำหรับการขนส่งทางถนน
863,อาชีพช่างวัดสายตาประกอบแว่น
864,อาชีพผู้พิจารณารับประกันภัย
865,อาชีพผู้พิจารณาสินไหมทดแทนประกันภัย
866,อาชีพผู้พิจารณารับประกันภัยยานยนต์
867,อาชีพผู้พิจารณาสินไหมทดแทนยานยนต์
868,อาชีพผู้สำรวจภัยยานยนต์
869,อาชีพนักผลิตผลิตภัณฑ์นม
870,อาชีพนักประกันคุณภาพผลิตภัณฑ์นม
871,อาชีพนักวิจัยและพัฒนาผลิตภัณฑ์นม
872,อาชีพนักซ่อมบำรุงอุตสาหกรรมผลิตภัณฑ์นม
873,อาชีพนักบริหารอุตสาหกรรมผลิตภัณฑ์นม
874,อาชีพนักวิทยาศาสตร์อาหาร (ความปลอดภัยอาหาร)
875,อาชีพช่างทำสำเร็จงานออฟเซต - งานทำเล่มหนังสือปกอ่อน
876,อาชีพช่างทำสำเร็จงานออฟเซต - งานบริหารจัดการผลิตงานหลังพิมพ์
877,อาชีพช่างทำสำเร็จงานออฟเซต - งานพับ
878,อาชีพช่างทำสำเร็จงานออฟเซต - งานไสสันทากาว
879,อาชีพผู้ขับขี่รถยนต์รับจ้างสาธารณะ (แท็กซี่)
880,อาชีพผู้เก็บตัวอย่างอากาศจากปล่องระบาย
881,อาชีพตัวแทนจัดหา (Broker) ของเสียอุตสาหกรรม
882,อาชีพช่างติดตั้งกระจกอาคาร
883,อาชีพผู้ติดตั้งรื้อถอนปั้นจั่นหอสูง (TowerCrane)
884,อาชีพช่างงานทำผิวจราจรแอสฟัลท์คอนกรีต
885,อาชีพช่างงานดันท่อลอด
886,อาชีพผู้ควบคุมงานเครื่องจักรงานดิน
887,อาชีพช่างเขียนแบบจำลองสารสนเทศอาคาร
888,อาชีพนักเทคโนโลยีการเชื่อมอุตสาหกรรม
889,อาชีพนักออกแบบสถาปัตยกรรมด้านเทคโนโลยีคลาวด์
890,อาชีพผู้จัดหาและคัดเลือกวัสดุและอุปกรณ์สำหรับการผลิต ผลิตภัณฑ์ไอซีที
891,อาชีพผู้สนับสนุนด้านไอทีสำหรับธุรกิจขนาดย่อม (SMEs)
892,อาชีพนักบริหารโครงการสารสนเทศ (cancel)
893,อาชีพนักตรวจประเมินระบบพาณิชย์อิเล็กทรอนิกส์
894,อาชีพนักจัดการเทคโนโลยีสารสนเทศสำหรับธุรกิจ
895,อาชีพนักออกแบบศิลปะเกม (ภาพเคลื่อนไหว)
896,อาชีพนักวิเคราะห์ข้อมูลธุรกิจ
897,อาชีพสถาปนิกสารสนเทศ
898,อาชีพนักวิทยาศาสตร์ข้อมูล
899,อาชีพผู้ปฏิบัติงานการผสมยาง
900,อาชีพช่างภาพใต้น้ำ (Underwater Camera Operators)
901,อาชีพช่างตกแต่งผิวแม่พิมพ์โลหะ
902,อาชีพช่างผลิตชิ้นส่วนแม่พิมพ์โลหะ
903,อาชีพช่างขัดเงาแม่พิมพ์ฉีดพลาสติก
904,อาชีพช่างผลิตชิ้นส่วนแม่พิมพ์พลาสติก
905,อาชีพล้างรถและขัดสี
906,อาชีพบริการยางรถยนต์
907,อาชีพช่างแมคคาทรอนิกส์ในรถยนต์
908,อาชีพนักปฏิบัติการในกระบวนการอบชุบโลหะด้วยความร้อน
909,อาชีพนักตรวจสอบในกระบวนการอบชุบโลหะด้วยความร้อน
910,อาชีพนักจัดการในกระบวนการอบชุบโลหะด้วยความร้อน
911,อาชีพนักปฏิบัติการในกระบวนการชุบโลหะด้วยไฟฟ้า
912,อาชีพนักตรวจสอบในกระบวนการชุบโลหะด้วยไฟฟ้า
913,อาชีพนักจัดการในกระบวนการชุบโลหะด้วยไฟฟ้า
914,อาชีพผู้ควบคุมระบบผลิตน้ำประปา
915,อาชีพผู้ควบคุมคุณภาพน้ำ
916,อาชีพนักอาชีวสุขศาสตร์และความปลอดภัย
917,อาชีพนักความปลอดภัยในการทำงาน
918,อาชีพนักอาชีวสุขศาสตร์
919,อาชีพนักพัฒนาและออกแบบผลิตภัณฑ์อัจฉริยะ (Smart Product) เพื่อรองรับ IoT (Internet of things)
920,อาชีพนักพัฒนาระบบคุณภาพในกระบวนการผลิตอุตสาหกรรมไฟฟ้าและอิเล็กทรอนิกส์
921,อาชีพนักทดสอบชิ้นส่วนไฟฟ้าและอิเล็กทรอนิกส์ในอุตสาหกรรม
922,อาชีพช่างทดสอบหม้อแปลงไฟฟ้าขนาดใหญ่
923,อาชีพช่างซ่อมสมาร์ตโฟนและแท็บเล็ต (จอแสดงผล)
924,อาชีพผู้ปฏิบัติงานผลิตชิ้นส่วนประกอบยาง (ยางฉาบเส้นใยเหล็ก)
925,อาชีพผู้ปฏิบัติงานผลิตชิ้นส่วนประกอบยาง (ยางฉาบผ้าใบ)
926,อาชีพผู้ปฏิบัติงานผลิตชิ้นส่วนประกอบยาง (หน้ายางและแก้มยาง)
927,อาชีพผู้ปฏิบัติงานผลิตชิ้นส่วนประกอบยาง (ขอบลวดและยางเสริม)
928,อาชีพผู้ปฏิบัติงานการขึ้นรูปยาง
929,อาชีพผู้ปฏิบัติงานการอบยาง
930,อาชีพผู้ปฏิบัติงานพัฒนากระบวนการผลิตและผลิตภัณฑ์ยาง
931,อาชีพช่างสื่อสัญญาณโทรคมนาคมด้านระบบรับ-ส่งคลื่นวิทยุสำหรับโทรศัพท์เคลื่อนที่
932,อาชีพช่างสักคิ้ว
933,อาชีพช่างทำเล็บ
934,อาชีพนักบริหารธุรกิจเสริมสวย
935,อาชีพผู้สอนทำผมบุรุษ
936,อาชีพผู้สอนทำผมสตรี
937,อาชีพผู้สอนสักคิ้ว
938,อาชีพผู้สอนต่อขนตา
939,อาชีพผู้สอนทำเล็บ
940,อาชีพผู้สอนแต่งหน้า
941,อาชีพช่างต่อขนตา
942,อาชีพช่างแต่งหน้า
943,อาชีพผู้ตรวจติดตามคุณภาพสิ่งแวดล้อมด้านน้ำและดิน
944,อาชีพผู้ตรวจติดตามคุณภาพสิ่งแวดล้อมด้านอากาศ
945,อาชีพผู้ตรวจติดตามคุณภาพสิ่งแวดล้อมด้านเสียงและความสั่นสะเทือน
946,อาชีพผู้ช่วยผู้รับผิดชอบด้านพลังงานสามัญ
947,อาชีพผู้รับผิดชอบด้านพลังงานสามัญ
948,อาชีพผู้จัดการด้านพลังงานในอาคาร
949,อาชีพผู้จัดการด้านพลังงานในโรงงาน
950,อาชีพผู้รับผิดชอบพลังงานอาวุโสด้านไฟฟ้า
951,อาชีพผู้รับผิดชอบพลังงานอาวุโสด้านความร้อน
952,อาชีพผู้ช่วยผู้ตรวจสอบและรับรองระบบการจัดการพลังงาน
953,อาชีพผู้ให้คำปรึกษาด้านการจัดการพลังงาน
954,อาชีพผู้ปฏิบัติงานเดินเครื่องและบำรุงรักษาโรงไฟฟ้า
955,อาชีพผู้ปฏิบัติงานเดินเครื่องโรงไฟฟ้าพลังความร้อนร่วม
956,อาชีพผู้ปฏิบัติงานเดินเครื่องโรงไฟฟ้าพลังความร้อน
957,อาชีพผู้ปฏิบัติงานควบคุมและตรวจสอบประสิทธิภาพโรงไฟฟ้า
958,อาชีพผู้ปฏิบัติงานเคมีโรงไฟฟ้า
959,อาชีพผู้ปฏิบัติงานวางแผนการผลิตและบำรุงรักษาโรงไฟฟ้า
960,อาชีพผู้ปฏิบัติงานบำรุงรักษาอุปกรณ์เครื่องกลโรงไฟฟ้าพลังความร้อนร่วม
961,อาชีพผู้ปฏิบัติงานบำรุงรักษาอุปกรณ์เครื่องกลโรงไฟฟ้าพลังความร้อน
962,อาชีพผู้ปฏิบัติงานบำรุงรักษาอุปกรณ์ไฟฟ้าโรงไฟฟ้า
963,อาชีพผู้ปฏิบัติงานบำรุงรักษาอุปกรณ์ควบคุมและเครื่องมือวัดโรงไฟฟ้า
964,อาชีพผู้ปฏิบัติงานบำรุงรักษาเครื่องกำเนิดไฟฟ้า (Generator)
965,อาชีพผู้ปฏิบัติงานบำรุงรักษามอเตอร์ไฟฟ้า (Motor)
966,อาชีพผู้ปฏิบัติงานบำรุงรักษาหม้อแปลงไฟฟ้ากำลัง (Transformer)
967,อาชีพผู้ปฏิบัติงานบำรุงรักษาอุปกรณ์ตัดตอนทางไฟฟ้า (Switchyard)
968,อาชีพผู้ปฏิบัติงานบำรุงรักษากังหันไอน้ำ (Steam Turbine)
969,อาชีพผู้ปฏิบัติงานบำรุงรักษากังหันแก๊ส (Gas Turbine)
970,อาชีพผู้ปฏิบัติงานบำรุงรักษาหม้อไอน้ำ (Boiler)
971,อาชีพช่างเชื่อมอาร์กโลหะด้วยมือ
972,อาชีพช่างเชื่อมมิก
973,อาชีพนักจัดการการจัดประชุม
974,อาชีพนักจัดการงานแสดงสินค้าและนิทรรศการ
975,อาชีพนักจัดการสถานที่จัดงาน
976,อาชีพนักจัดการการเดินทางเพื่อเป็นรางวัล
977,อาชีพนักจัดการงานอีเวนต์
978,อาชีพผลิตภาพระบบดิจิตอล
979,อาชีพปรับแต่งภาพ
980,อาชีพออกแบบกราฟิก
981,อาชีพควบคุมคุณภาพงานอัดภาพระบบดิจิตอล
982,อาชีพช่างกายอุปกรณ์
983,อาชีพนักเทคโนโลยีชีวภาพทางด้านอาหาร
984,อาชีพผู้ประกอบอาหารไทย ประเภทอาหารคาว
985,อาชีพผู้ประกอบอาหารไทย ประเภทขนมไทย
986,อาชีพผู้ปรุงอาหารตะวันตก
987,อาชีพผู้ปรุงขนมปังอบ
988,อาชีพสำรองบัตรโดยสาร
989,อาชีพที่ปรึกษาการเดินทางท่องเที่ยว
990,อาชีพมัคคุเทศก์ทั่วไป
991,อาชีพบาริสต้า
992,อาชีพผู้ช่วยจัดการร้าน
993,อาชีพนักออกแบบเครื่องประดับอัญมณีและโลหะมีค่า
994,อาชีพผู้ประเมินคุณภาพโลหะมีค่า
995,อาชีพผู้ประเมินคุณภาพอัญมณี
996,อาชีพผู้ประเมินคุณภาพเพชร
997,อาชีพผู้ประเมินคุณภาพเครื่องประดับ
998,อาชีพผู้จำหน่ายผลิตภัณฑ์อัญมณี
999,อาชีพผู้จำหน่ายผลิตภัณฑ์เครื่องประดับ
1000,อาชีพผู้จำหน่ายผลิตภัณฑ์โลหะมีค่า
1001,อาชีพผู้ปฏิบัติงานขับรถส่งพัสดุและสิ่งของ
1002,อาชีพผู้ปฏิบัติงานผลิต
1003,อาชีพนักบริหารงานผลิต
1004,อาชีพผู้ปฏิบัติงานควบคุมคุณภาพและประกันคุณภาพ
1005,อาชีพนักบริหารงานควบคุมคุณภาพและประกันคุณภาพ
1006,อาชีพนักวิจัยและพัฒนา
1007,อาชีพผู้บริหารการควบคุมและประกันคุณภาพผลิตภัณฑ์ผักและผลไม้
1008,อาชีพผู้ให้บริการจัดส่งอาหารด้วยรถจักรยานยนต์
1009,อาชีพผู้ปฏิบัติการควบคุมรถขนส่งเอกสารและพัสดุด่วนภายในประเทศ
1010,อาชีพผู้ให้บริการจัดส่งเอกสารและพัสดุด่วน
1011,อาชีพผู้ปฏิบัติงานผลิต (การผลิตสัตว์น้ำและผลิตภัณฑ์สัตว์น้ำสดแช่เย็นหรือแช่แข็ง)
1012,อาชีพนักบริหารการผลิต (การผลิตสัตว์น้ำและผลิตภัณฑ์สัตว์น้ำสดแช่เย็นหรือแช่แข็ง)
1013,อาชีพผู้ปฏิบัติงานควบคุมคุณภาพและประกันคุณภาพ (การผลิตสัตว์น้ำและผลิตภัณฑ์สัตว์น้ำสด แช่เย็นหรือแช่แข็ง)
1014,อาชีพนักบริหารงานควบคุมคุณภาพและประกันคุณภาพ (การผลิตสัตว์น้ำและผลิตภัณฑ์สัตว์น้ำสด แช่เย็นหรือแช่แข็ง)
1015,อาชีพนักวิจัยและพัฒนา (การผลิตสัตว์น้ำและผลิตภัณฑ์สัตว์น้ำสดแช่เย็นหรือแช่แข็ง)
1016,อาชีพผู้ช่วยพยาบาลสัตว์
1017,อาชีพพยาบาลสัตว์
1018,อาชีพนักเทคนิคสัตวแพทย์
1019,อาชีพช่างเขียนแบบศิลปะไทย
1020,อาชีพช่างปั้นแบบศิลปะไทย
1021,อาชีพช่างรักแบบศิลปะไทย
1022,อาชีพช่างหัวโขนแบบศิลปะไทย
1023,อาชีพช่างพัสตราภรณ์แบบศิลปะไทย
1024,อาชีพควาญช้าง
1025,อาชีพนักแนะแนวการศึกษาและอาชีพ
1026,อาชีพนักโสตทัศนศึกษาทางการแพทย์
1027,อาชีพนักออกแบบระบบนิเวศเกษตร
1028,อาชีพนักสื่อสารการตลาดทางการแพทย์
1029,อาชีพพนักงานต้อนรับการบริการนวดไทย
1030,อาชีพพนักงานสนับสนุนการนวดไทย
1031,อาชีพผู้ฝึกสอนการบริการนวดไทย
1032,อาชีพผู้ให้บริการนวดไทยเพื่อผ่อนคลาย
1033,อาชีพผู้ให้บริการนวดไทยเพื่อส่งเสริมสุขภาพ
1034,อาชีพนักบริหารจัดการนวดไทย
1035,อาชีพนักพัฒนาระบบบล็อกเชน
1036,อาชีพนักวิเคราะห์ออกแบบระบบบล็อกเชน
1037,อาชีพผู้ปฏิบัติงานคัดแยกคุณภาพชมพู่
1038,อาชีพนักดนตรีไทย
1039,อาชีพผู้ปฏิบัติงานคัดแยกคุณภาพมะพร้าวน้ำหอม
1040,อาชีพผู้ปฏิบัติงานคัดแยกคุณภาพทุเรียน
1041,อาชีพผู้ปฏิบัติงานคัดแยกคุณภาพมังคุด
1042,อาชีพผู้ปฏิบัติงานคัดแยกคุณภาพลำไย
1043,อาชีพช่างผลิตเครื่องดนตรีไทย
1044,อาชีพนักจัดการคุ้มครองข้อมูลส่วนบุคคล
1045,อาชีพนักจิตวิทยาพัฒนาการเด็ก
1046,อาชีพผู้ปฏิบัติงานด้านพฤติกรรมและพัฒนาการเด็ก
1047,อาชีพนักจิตวิทยาพัฒนาการผู้สูงวัย
1048,อาชีพผู้ปฏิบัติงานด้านพฤติกรรมและพัฒนาการผู้สูงวัย
1049,อาชีพผู้ประสานงานการให้บริการเชิงจิตวิทยา
1050,อาชีพผู้ตรวจสอบคุณภาพผลิตภัณฑ์ท่อตะเข็บตรง (ERW)
1051,อาชีพช่างซ่อมบำรุงเครื่องจักรชุบสังกะสีจุ่มร้อน (Hot Dipped Galvanize)
1052,อาชีพช่างซ่อมบำรุงเครื่องจักรชุบสังกะสีจุ่มร้อน (Hot Dipped Galvanize) (ระบบเครื่องกล)
1053,อาชีพผู้ตรวจสอบคุณภาพผลิตภัณฑ์ท่อตะเข็บเกลียว (SSAW)
1054,อาชีพช่างซ่อมบำรุงเครื่องจักรชุบสังกะสีจุ่มร้อน (Hot Dipped Galvanize) (ระบบไฟฟ้า)
1055,อาชีพช่างซ่อมบำรุงเครื่องจักรผลิตท่อตะเข็บเกลียว (SSAW) (ระบบเครื่องกล)
1056,อาชีพผู้ตรวจสอบคุณภาพผลิตภัณฑ์ชุบสังกะสีจุ่มร้อน (Hot Dipped Galvanize)
1057,อาชีพช่างซ่อมบำรุงเครื่องจักรผลิตท่อตะเข็บเกลียว (SSAW) (ระบบไฟฟ้า)
1058,อาชีพช่างซ่อมบำรุงเครื่องจักรผลิตท่อตะเข็บตรง (ERW)
1059,อาชีพช่างซ่อมบำรุงเครื่องจักรผลิตท่อตะเข็บตรง (ERW) (ระบบไฟฟ้า)
1060,อาชีพช่างซ่อมบำรุงเครื่องจักรผลิตท่อตะเข็บตรง (ERW) (ระบบเครื่องกล)
1061,อาชีพช่างซ่อมบำรุงเครื่องจักรผลิตท่อตะเข็บเกลียว (SSAW)
1062,อาชีพผู้สอนวิชาชีพ
1063,อาชีพผู้ชี้ขาดมวยไทย
1064,อาชีพผู้ตัดสินมวยไทย
1065,อาชีพครูมวยไทยเพื่อสุขภาพ
1066,อาชีพครูมวยไทยเพื่อการแข่งขันและอาชีพ
1067,อาชีพนักวิเคราะห์พลอยสี
1068,อาชีพนักวิเคราะห์เพชร
1069,อาชีพนักบริหารจัดการร้านทอง
1070,อาชีพนักวิเคราะห์โลหะมีค่า
1071,อาชีพผู้ขับรถจักร
1072,อาชีพผู้ขับเคลื่อนรถบำรุงทางขนาดหนัก
1073,อาชีพผู้ช่วยนักวิทยาศาสตร์การกีฬาและการออกกำลังกาย
1074,อาชีพผู้ปฏิบัติงานเดินเครื่องโรงไฟฟ้าพลังน้ำ
1075,อาชีพผู้ปฏิบัติงานในสถานีไฟฟ้าแรงสูง
1076,อาชีพผู้ปฏิบัติงานบำรุงรักษาสายส่งไฟฟ้าแรงสูง
1077,อาชีพผู้ปฏิบัติงานควบคุมและตรวจสอบประสิทธิภาพโรงไฟฟ้าพลังน้ำ
1078,อาชีพผู้ปฏิบัติงานบำรุงรักษาอุปกรณ์สถานีไฟฟ้าแรงสูง
1079,อาชีพผู้ปฏิบัติงานวางแผนการผลิตและบำรุงรักษาโรงไฟฟ้าพลังน้ำ
1080,อาชีพผู้ปฏิบัติงานบำรุงรักษาระบบป้องกันไฟฟ้า (โรงไฟฟ้าและระบบส่ง)
1081,อาชีพผู้ปฏิบัติงานบำรุงรักษาอุปกรณ์ทางกลโรงไฟฟ้าพลังน้ำ
1082,อาชีพผู้ปฏิบัติงานทดสอบอุปกรณ์ไฟฟ้าแรงสูงในห้องปฏิบัติการ
1083,อาชีพผู้ปฏิบัติงานบำรุงรักษาโยธาโรงไฟฟ้าพลังน้ำ
1084,อาชีพผู้ปฏิบัติงานทดสอบอุปกรณ์ไฟฟ้าแรงสูงภาคสนาม
1085,อาชีพผู้ปฏิบัติงานทดสอบสภาพฉนวนน้ำมันของอุปกรณ์ไฟฟ้า
1086,อาชีพผู้ปฏิบัติงานบำรุงรักษาอุปกรณ์ไฟฟ้าโรงไฟฟ้าพลังน้ำ
1087,อาชีพผู้ปฏิบัติงานบำรุงรักษาอุปกรณ์ควบคุมและเครื่องมือวัดโรงไฟฟ้าพลังน้ำ
1088,อาชีพผู้ปฏิบัติงานบำรุงรักษาอุปกรณ์เครื่องมือวัดในอุตสาหกรรมผลิตไฟฟ้า
1089,อาชีพผู้ปฏิบัติงานบำรุงรักษาอุปกรณ์ควบคุมทางกลในอุตสาหกรรมผลิตไฟฟ้า
1090,อาชีพผู้ตรวจประเมินหลักปฏิบัติทางการเกษตรที่ดีสําหรับพืชอาหาร (GAP สําหรับพืชอาหาร)
1091,อาชีพนักจัดการคลังวัตถุดิบ
1092,อาชีพผู้ปฎิบัติงานด้านสาธารณูปโภค
1093,อาชีพผู้ปฏิบัติงานด้านวิศวกรรมและซ่อมบำรุง
1094,อาชีพผู้ทดสอบและควบคุมคุณสมบัติเชื้อเพลิงชีวมวล
1095,อาชีพผู้ทดสอบและควบคุมคุณสมบัติเชื้อเพลิงชีวภาพ
1096,อาชีพผู้ควบคุมระบบผลิตก๊าซชีวภาพ
1097,อาชีพผู้ควบคุมระบบปรับปรุงคุณภาพก๊าซชีวภาพ
1098,อาชีพผู้ตรวจแปลงเกษตรอินทรีย์ระบบการรับรองแบบมีส่วนร่วม (PGS สำหรับพืชอาหาร)
1099,อาชีพผู้ปฏิบัติงานส่งออก – นำเข้า (ผู้ชำนาญการศุลกากร)
1100,อาชีพผู้ปฏิบัติงานบนต้นไม้
1101,อาชีพรุกขกร
1102,อาชีพผู้ประเมินความเสี่ยงอันตรายจากต้นไม้
1103,อาชีพพนักงานควบคุมรถระวางบรรทุก (ULD Loader Operator)
1104,อาชีพพนักงานควบคุมรถทรานสปอร์ตเตอร์ (Transporter Operator)
1105,อาชีพพนักงานขับรถสายพาน (Conveyor Belt Loader Driver)
1106,อาชีพพนักงานขับรถลากจูงสัมภาระและสินค้า (Baggage and Cargo Trailer Driver)
1107,อาชีพผู้เลี้ยงสุกร
1108,อาชีพผู้เลี้ยงโคเนื้อ
1109,อาชีพผู้เลี้ยงโคนม
1110,อาชีพผู้เลี้ยงไก่เนื้อ
1111,อาชีพผู้เลี้ยงไก่ไข่
1112,อาชีพผู้เลี้ยงแพะ
1113,อาชีพพนักงานควบคุมรถยก (Forklift Operator)
1114,อาชีพพนักงานขนถ่ายสัมภาระ (Loader)
1115,อาชีพพนักงานควบคุมรถบันไดผู้โดยสาร (Passenger Step Operator)
1116,อาชีพพนักงานขับรถรับส่งผู้โดยสาร (Passenger Bus Driver)
1117,อาชีพพนักงานขับรถบรรทุกน้ำ (Water Truck Driver)
1118,อาชีพพนักงานขับรถขนถ่ายสิ่งปฏิกูล (Lavatory Truck Driver)
1119,อาชีพพนักงานควบคุมรถบริการผู้โดยสารทุพพลภาพ (Invalid Hi-Lift Truck Operator)
1120,อาชีพพนักงานขับรถลากจูงอากาศยาน (Aircraft Towing-Tractor Driver)
1121,อาชีพพนักงานทำความสะอาดภายในอากาศยาน (Aircraft Cabin Cleaner)
1122,อาชีพนักวางแผนอัตรากำลัง
1123,อาชีพนักสรรหาและคัดเลือกบุคลากร
1124,อาชีพนักบริหารค่าตอบแทน
1125,อาชีพพนักงานสัมพันธ์
1126,อาชีพนักบริหารผลงาน
1127,อาชีพนักเรียนรู้และพัฒนาทรัพยากรบุคคล
1128,อาชีพนักบริหารความก้าวหน้าในสายอาชีพ
1129,อาชีพนักพัฒนาองค์การ
1130,อาชีพนักบริหารทรัพยากรบุคคลและองค์การ
1131,อาชีพช่างเทคนิคซ่อมบำรุงรถยนต์ไฟฟ้า
1132,อาชีพช่างเทคนิควินิจฉัยและแก้ไขปัญหารถยนต์ไฟฟ้า
1133,อาชีพช่างเทคนิคติดตั้งและซ่อมบำรุงเครื่องอัดประจุไฟฟ้าสำหรับยานยนต์ไฟฟ้า
1134,อาชีพช่างเทคนิคติดตั้งและซ่อมบำรุงสถานีบริการอัดประจุไฟฟ้าสำหรับยานยนต์ไฟฟ้า
1135,อาชีพนักเทคนิคซอฟท์แวร์และการสื่อสารของระบบอัดประจุไฟฟ้าสำหรับยานยนต์ไฟฟ้า
1136,อาชีพช่างเทคนิคประกอบแบตเตอรี่แรงดันสูง
1137,อาชีพช่างเทคนิคออกแบบและทดสอบแบตเตอรี่แรงดันสูง
1138,อาชีพนักเทคนิคซอฟท์แวร์และระบบสื่อสารของยานยนต์ไฟฟ้า
1139,อาชีพผู้ผลิตผ้าทอเทคนิคเกาะ/ล้วง
1140,อาชีพจัดการธุรกิจผลิตภัณฑ์งานพื้นบ้านและศิลปหัตถกรรม
1141,อาชีพผู้ขับเรือยนต์เร็ว
1142,อาชีพนักเดินเรือยอร์ช
1143,อาชีพช่างซ่อมบำรุงเรือยอร์ช
1144,อาชีพนายช่างกลเรือยอร์ช
1145,อาชีพช่างต่อเรือยอร์ช
1146,อาชีพผู้ให้บริการจัดเลี้ยงบนเรือยอร์ช
1147,อาชีพผู้สอนวิทยาการคำนวณและภาษาคอมพิวเตอร์ อาชีพผู้สอนวิทยาการคำนวณและภาษาคอมพิวเตอร์
1148,อาชีพนักจัดการการท่องเที่ยวเชิงสุขภาพ (Wellness Travel Facilitator)
1149,อาชีพนักบริหารการท่องเที่ยวเชิงการแพทย์และสุขภาพ (Medical and Wellness Travel Facilitator)
1150,อาชีพผู้ส่งเสริมโภชนาการชุมชน
1151,อาชีพผู้ให้คำแนะนำด้านอาหารและโภชนาการ
1152,อาชีพผู้ปรุงประกอบอาหารเพื่อสุขภาพ
1153,อาชีพผู้สรรหาแรงงานข้ามชาติ
1154,อาชีพเจ้าหน้าที่คุ้มครองข้อมูลส่วนบุคคลภาครัฐ (GDPO)
1155,อาชีพผู้ประนอม
1156,อาชีพผู้จำหน่ายผลิตภัณฑ์อัญมณี เครื่องประดับ และโลหะมีค่า
1157,อาชีพนักดำน้ำกู้ภัย
1158,อาชีพผู้นำการดำน้ำ
1159,อาชีพผู้ฝึกสอนดำน้ำ
1160,อาชีพผู้อำนวยการการฝึกสอนดำน้ำ
1161,อาชีพผู้ปลูกหม่อนเลี้ยงไหม
1162,อาชีพผู้ผลิตเส้นไหม
1163,อาชีพนักจัดการงานปราศจากเชื้อ
1164,อาชีพเพื่อนผู้สูงวัย
1165,อาชีพนักออกแบบสิ่งพิมพ์
1166,อาชีพนักออกแบบกราฟิกสำหรับเว็บไซต์
1167,อาชีพนักออกแบบสิ่งพิมพ์ระดับสูง
1168,อาชีพนักออกแบบสิ่งพิมพ์ระดับผู้จัดการ
1169,อาชีพผู้ปฏิบัติงานพิมพ์ดิจิทัล
1170,อาชีพช่างท่สำเร็จงานออฟเซต - งานไสสันทากาว
1171,อาชีพล่ามภาษามือ
1172,อาชีพช่างภาพ
1173,อาชีพช่างภาพภูมิทัศน์และสถาปัตยกรรม
1174,อาชีพช่างภาพประชาสัมพันธ์
1175,อาชีพช่างแต่งภาพและผลิตภาพระบบดิจิทัล
1176,อาชีพผู้สอบเทียบเครื่องมือวัดสาขามิติ
1177,อาชีพผู้ควบคุมงานสอบเทียบเครื่องมือวัดสาขามิติ
1178,อาชีพผู้บริหารจัดการระบบการสอบเทียบเครื่องมือวัดสาขามิติ
1179,อาชีพผู้ให้คำปรึกษาระบบการสอบเทียบเครื่องมือวัดสาขามิติ
1180,อาชีพผู้สอบเทียบเครื่องมือวัดสาขาไฟฟ้า
1181,อาชีพผู้ควบคุมงานสอบเทียบเครื่องมือวัดสาขาไฟฟ้า
1182,อาชีพผู้บริหารจัดการระบบการสอบเทียบเครื่องมือวัดสาขาไฟฟ้า
1183,อาชีพผู้ให้คำปรึกษาระบบการสอบเทียบเครื่องมือวัดสาขาไฟฟ้า
1184,อาชีพผู้สอบเทียบเครื่องมือวัดสาขามวล
1185,อาชีพผู้ควบคุมงานสอบเทียบเครื่องมือวัดสาขามวล
1186,อาชีพผู้บริหารจัดการระบบการสอบเทียบเครื่องมือวัดสาขามวล
1187,อาชีพผู้ให้คำปรึกษาระบบการสอบเทียบเครื่องมือวัดสาขามวล
1188,อาชีพผู้สอบเทียบเครื่องมือวัดสาขาอุณหภูมิ
1189,อาชีพผู้ควบคุมงานสอบเทียบเครื่องมือวัดสาขาอุณหภูมิ
1190,อาชีพผู้บริหารจัดการระบบการสอบเทียบเครื่องมือวัดสาขาอุณหภูมิ
1191,อาชีพผู้ให้คำปรึกษาระบบการสอบเทียบเครื่องมือวัดสาขาอุณหภูมิ
1192,อาชีพผู้ทดสอบเครื่องมือวัดสาขาเครื่องมือวัดทางการแพทย์
1193,อาชีพผู้สอบเทียบเครื่องมือวัดสาขาเครื่องมือวัดทางการแพทย์
1194,อาชีพผู้ควบคุมงานเครื่องมือวัดสาขาเครื่องมือวัดทางการแพทย์
1195,อาชีพผู้บริหารจัดการงานเครื่องมือวัดสาขาเครื่องมือวัดทางการแพทย์
1196,อาชีพผู้ให้คำปรึกษาระบบงานเครื่องมือวัดสาขาเครื่องมือวัดทางการแพทย์
1197,อาชีพนักเทคโนโลยีภูมิสารสนเทศ
1198,อาชีพผู้สอบเทียบเครื่องมือวัดสาขาเคมี
1199,อาชีพผู้ควบคุมงานสอบเทียบเครื่องมือวัดสาขาเคมี
1200,อาชีพผู้บริหารจัดการระบบการสอบเทียบเครื่องมือวัดสาขาเคมี
1201,อาชีพผู้ให้คำปรึกษาระบบการสอบเทียบเครื่องมือวัดสาขาเคมี
1202,อาชีพผู้สอบเทียบเครื่องมือวัดสาขาความดัน
1203,อาชีพผู้ควบคุมงานสอบเทียบเครื่องมือวัดสาขาความดัน
1204,อาชีพผู้บริหารจัดการระบบการสอบเทียบเครื่องมือวัดสาขาความดัน
1205,อาชีพผู้ให้คำปรึกษาระบบการสอบเทียบเครื่องมือวัดสาขาความดัน
1206,อาชีพผู้สอบเทียบเครื่องมือวัดสาขาปริมาตร
1207,อาชีพผู้ควบคุมงานสอบเทียบเครื่องมือวัดสาขาปริมาตร
1208,อาชีพผู้บริหารจัดการระบบการสอบเทียบเครื่องมือวัดสาขาปริมาตร
1209,อาชีพผู้ให้คำปรึกษาระบบการสอบเทียบเครื่องมือวัดสาขาปริมาตร
1210,อาชีพผู้สอบเทียบเครื่องมือวัดสาขาแรง
1211,อาชีพผู้ควบคุมงานสอบเทียบเครื่องมือวัดสาขาแรง
1212,อาชีพผู้บริหารจัดการระบบการสอบเทียบเครื่องมือวัดสาขาแรง
1213,อาชีพผู้ให้คำปรึกษาระบบการสอบเทียบเครื่องมือวัดสาขาแรง
1214,อาชีพผู้สอบเทียบเครื่องมือวัดสาขาแรงบิด
1215,อาชีพผู้ควบคุมงานสอบเทียบเครื่องมือวัดสาขาแรงบิด
1216,อาชีพผู้บริหารจัดการระบบการสอบเทียบเครื่องมือวัดสาขาแรงบิด
1217,อาชีพผู้ให้คำปรึกษาระบบการสอบเทียบเครื่องมือวัดสาขาแรงบิด
1218,อาชีพช่างประปาภายนอก (การประกอบท่อ)
1219,อาชีพช่างประปาภายนอก (การวางท่อ)
1220,อาชีพช่างประปาภายนอก
1221,อาชีพช่างประปาภายในอาคาร (การติดตั้งท่อสุขาภิบาล)
1222,อาชีพช่างประปาภายในอาคาร (การติดตั้งสุขภัณฑ์ และอุปกรณ์)
1223,อาชีพผู้สอนวงดุริยางค์
1224,อาชีพผู้ผลิตผลิตภัณฑ์จากสมุนไพร
1225,อาชีพเจ้าหน้าที่ประกันคุณภาพด้านเทคโนโลยีสารสนเทศ
1226,อาชีพผู้ตรวจสอบภายในด้านเทคโนโลยีสารสนเทศ
1227,อาชีพนักวินิจฉัยสถานประกอบการเบื้องต้น
1228,อาชีพนักวินิจฉัยและให้คำปรึกษาสถานประกอบการ
1229,อาชีพนักวินิจฉัยสถานประกอบการเชิงลึก (ทรัพยากรมนุษย์)
1230,อาชีพนักวินิจฉัยสถานประกอบการเชิงลึก (การบริหารองค์กรภาพรวม)
1231,อาชีพนักวินิจฉัยสถานประกอบการเชิงลึก (บัญชีและการเงิน)
1232,อาชีพนักวินิจฉัยสถานประกอบการเชิงลึก (การผลิต)
1233,อาชีพนักวินิจฉัยสถานประกอบการเชิงลึก (การตลาดและการขาย)
1234,อาชีพช่างเขียนแบบแบบจำลองสารสนเทศอาคาร
1235,อาชีพช่างสร้าง และติดตั้งไม้โครงสร้าง
1236,อาชีพช่างประกอบ และติดตั้งเหล็กโครงสร้าง
1237,อาชีพผู้ติดตั้งรื้อถอนปั้นจั่นหอสูง
1238,อาชีพผู้ปฏิบัติงานบำรุงรักษาอุปกรณ์ไฟฟ้าของกังหันลม
1239,อาชีพผู้ปฏิบัติงานบำรุงรักษาอุปกรณ์ทางกลของกังหันลม
1240,อาชีพผู้ให้บริการเตรียมดินเพาะปลูกข้าว
1241,อาชีพผู้ให้บริการปลูกข้าว
1242,อาชีพผู้ให้บริการดูแลรักษาข้าว
1243,อาชีพผู้ให้บริการเก็บเกี่ยวข้าว
1244,อาชีพกษตรกรเพาะปลูกข้าว
1245,อาชีพผู้ปฏิบัติงานด้านจัดทำแปลงต้นยางพาราพันธุ์ดีNew
1246,อาชีพผู้ปฏิบัติงานด้านการปลูกสร้างสวนยางพาราNew
1247,อาชีพผู้ปฏิบัติงานด้านระบบการจัดการสวนยางพาราอย่างยั่งยืนNew
1248,อาชีพผู้ปฏิบัติงานด้านการจัดการปุ๋ยยางพาราNew
1249,อาชีพผู้ปฏิบัติงานด้านเก็บเกี่ยวผลผลิตยางพาราNew
1250,อาชีพผู้ปฏิบัติงานด้านการแปรรูปผลผลิตยางพาราNew
1251,อาชีพผู้ปฏิบัติงานเดินเครื่องและบำรุงรักษาโรงไฟฟ้าพลังงานแสงอาทิตย์
1252,อาชีพผู้ปฏิบัติงานบำรุงรักษาระบบไฟฟ้าต่อเนื่อง
1253,อาชีพผู้ปฏิบัติงานบำรุงรักษาอุปกรณ์ไฟฟ้าโรงไฟฟ้าพลังงานแสงอาทิตย์
1254,อาชีพผู้ปฏิบัติงานด้านการตลาดผลผลิตยางพาราขั้นต้นNew
1255,อาชีพผู้ผลิตเมล็ดพันธุ์ข้าว
1256,อาชีพผู้รวบรวมเมล็ดพันธุ์ข้าว
1257,อาชีพผู้ผลิตกล้าข้าวแผ่น
1258,อาชีพนักบริหารจัดการในกระบวนการผลิตผลิตภัณฑ์พลาสติก
1259,อาชีพช่างอากาศยาน (เครื่องบิน)
1260,อาชีพผู้ผลิตเครื่องปั้นดินเผาแบบพื้นถิ่น
1261,อาชีพผู้ผลิตเครื่องเคลือบร่วมสมัย
1262,อาชีพผู้ผลิตเครื่องจักสานสำหรับงานอนุรักษ์
1263,อาชีพผู้ผลิตเครื่องถมเงินถมทอง
1264,อาชีพช่างอากาศยาน (เฮลิคอปเตอร์)
1265,อาชีพช่างอากาศยาน (เอวิโอนิกส์)
1266,อาชีพช่างเขียน แบบศิลปะไทย
1267,อาชีพช่างปั้น แบบศิลปะไทย
1268,อาชีพช่างรัก แบบศิลปะไทย
1269,อาชีพช่างหัวโขน แบบศิลปะไทย
1270,อาชีพช่างพัสตราภรณ์ แบบศิลปะไทย
1271,อาชีพผู้จัดเตรียมวัตถุดิบโรงไฟฟ้าขยะ
1272,อาชีพผู้ปฏิบัติงานระบบผลิตไฟฟ้าโรงไฟฟ้าขยะ
1273,อาชีพผู้ปฏิบัติงานซ่อมบำรุงเครื่องจักรโรงไฟฟ้าขยะ
1274,อาชีพผู้ปฏิบัติงานด้านสิ่งแวดล้อมและความปลอดภัยโรงไฟฟ้าขยะ
1275,อาชีพผู้ทำงานกับเยาวชน
1276,อาชีพผู้ควบคุมรถตัดอ้อย
1277,อาชีพผู้ควบคุมรถแทรกเตอร์
1278,อาชีพผู้ดูแลระบบเครือข่ายคอมพิวเตอร์ทางการแพทย์ (Healthcare Network Administrator)
1279,อาชีพนักจัดหาวัตถุดิบ
1280,อาชีพพนักงานอาบน้ำและตัดขนสัตว์เลี้ยง
1281,อาชีพช่างเชื่อมฟลักซ์คอร์
1282,อาชีพผู้ควบคุมงานเชื่อมอุตสาหกรรม
1283,อาชีพนักเทคนิคด้านการใช้สถานการณ์จำลองทางการแพทย์
1284,อาชีพผู้สร้างสรรค์งานผ้าบาติก
1285,อาชีพนักเทคนิคการสัตวแพทย์
1286,อาชีพผู้ปฏิบัติงานด้านปรับปรุงคุณภาพน้ำในกระบวนการผลิต
1287,อาชีพผู้ทดสอบคุณสมบัติเชื้อเพลิงชีวภาพ
1288,อาชีพผู้ให้บริการโดรนทางการเกษตร
1289,อาชีพช่างซ่อมบำรุงโดรนทางการเกษตร
1290,อาชีพเจ้าหน้าที่สอบ
1291,อาชีพนักเขียนบท
1292,อาชีพนักจัดการทรัพย์สินทางปัญญาและเทคโนโลยี
1293,อาชีพนักบริหารจัดการทรัพย์สินทางปัญญาและเทคโนโลยีด้านการคุ้มครองสิทธิ
1294,อาชีพนักบริหารจัดการทรัพย์สินทางปัญญาและเทคโนโลยีด้านการใช้ประโยชน์
1295,อาชีพผู้ผลิตต้นกล้าพันธุ์ทุเรียน
1296,อาชีพผู้ปลูกทุเรียน
1297,อาชีพนักแสดงโขนพระ
1298,อาชีพนักแสดงโขนนาง
1299,อาชีพนักแสดงโขนยักษ์
1300,อาชีพนักแสดงโขนลิง
1301,อาชีพผู้ให้บริการโดรนทางการเกษตร และอาชีพช่างซ่อมบำรุงโดรนทางการเกษตร)
1302,อาชีพออกแบบระบบไฟฟ้าควบคุมในเครื่องมือแพทย์
1303,อาชีพต้นกลเรือประมง
1304,อาชีพรองต้นกลเรือประมง
1305,อาชีพผู้ควบคุมเรือประมง
1306,อาชีพผู้สอนมัคคุเทศก์
1307,อาชีพผู้บริหารสถานศึกษา สายงานวิชาการ
1308,อาชีพผู้บริหารสถานศึกษา สายงานงบประมาณ
1309,อาชีพผู้บริหารสถานศึกษา สายงานบุคคล
1310,อาชีพผู้บริหารสถานศึกษา สายงานทั่วไป
1311,อาชีพผู้บริหารสถานศึกษา สายงานบริหารงานทั่วไป
1312,อาชีพนักบริหารความสัมพันธ์ชาวไร่อ้อย
1313,อาชีพผู้ปฏิบัติงานผลิตยางแท่งจากน้ำยางสด
1314,อาชีพผู้ปฏิบัติงานผลิตยางแท่งจากยางแห้ง
1315,อาชีพผู้ปฏิบัติงานทดสอบและรับรองสมบัติยางแท่ง
1316,อาชีพผู้ควบคุมอากาศยานซึ่งไม่มีนักบิน
1317,อาชีพนักปฏิบัติการผลิตแผงวงจรอิเล็กทรอนิกส์
1318,อาชีพช่างเทคนิคเครื่องจักรผลิตแผงวงจรอิเล็กทรอนิกส์
1319,อาชีพนักออกแบบแนวคิดและภาพประกอบสำหรับแอนิเมชัน
1320,อาชีพนักสร้างทรัพยากร 3 มิติสำหรับงานแอนิเมชัน
1321,อาชีพนักจัดแสง เรนเดอร์ และประกอบภาพสำหรับแอนิเมชัน 3 มิติ
1322,อาชีพนักแปล (อังกฤษ - ไทย)
1323,อาชีพนักแปล (ไทย – อังกฤษ)
1324,อาชีพช่างฝีมือดอกไม้แบบไทย
1325,อาชีพผู้ประกอบอาหารเพื่อสุขภาพ
1326,อาชีพนักโภชนาการ
1327,อาชีพนักเทคโนโลยีเครื่องมือตัด
